id;name;geoid;geoname;value;datetime
600;Marginal price Day Ahead market Spain;3;Spain;92.96;2025-12-01T00:00:00+01:00
600;Marginal price Day Ahead market Spain;3;Spain;81.53;2025-12-01T01:00:00+01:00
600;Marginal price Day Ahead market Spain;3;Spain;71;2025-12-01T02:00:00+01:00
600;Marginal price Day Ahead market Spain;3;Spain;69.9;2025-12-01T03:00:00+01:00
600;Marginal price Day Ahead market Spain;3;Spain;75;2025-12-01T04:00:00+01:00
600;Marginal price Day Ahead market Spain;3;Spain;82.63;2025-12-01T05:00:00+01:00
600;Marginal price Day Ahead market Spain;3;Spain;95.07;2025-12-01T06:00:00+01:00
600;Marginal price Day Ahead market Spain;3;Spain;100.82;2025-12-01T07:00:00+01:00
600;Marginal price Day Ahead market Spain;3;Spain;125.01;2025-12-01T08:00:00+01:00
600;Marginal price Day Ahead market Spain;3;Spain;118.04;2025-12-01T09:00:00+01:00
600;Marginal price Day Ahead market Spain;3;Spain;88;2025-12-01T10:00:00+01:00
600;Marginal price Day Ahead market Spain;3;Spain;70;2025-12-01T11:00:00+01:00
600;Marginal price Day Ahead market Spain;3;Spain;71.82;2025-12-01T12:00:00+01:00
600;Marginal price Day Ahead market Spain;3;Spain;69.72;2025-12-01T13:00:00+01:00
600;Marginal price Day Ahead market Spain;3;Spain;69.72;2025-12-01T14:00:00+01:00
600;Marginal price Day Ahead market Spain;3;Spain;70.37;2025-12-01T15:00:00+01:00
600;Marginal price Day Ahead market Spain;3;Spain;70.35;2025-12-01T16:00:00+01:00
600;Marginal price Day Ahead market Spain;3;Spain;87.44;2025-12-01T17:00:00+01:00
600;Marginal price Day Ahead market Spain;3;Spain;102.08;2025-12-01T18:00:00+01:00
600;Marginal price Day Ahead market Spain;3;Spain;120;2025-12-01T19:00:00+01:00
600;Marginal price Day Ahead market Spain;3;Spain;130.35;2025-12-01T20:00:00+01:00
600;Marginal price Day Ahead market Spain;3;Spain;159.68;2025-12-01T21:00:00+01:00
600;Marginal price Day Ahead market Spain;3;Spain;123.82;2025-12-01T22:00:00+01:00
600;Marginal price Day Ahead market Spain;3;Spain;100.58;2025-12-01T23:00:00+01:00
600;Marginal price Day Ahead market Spain;3;Spain;82.54;2025-12-02T00:00:00+01:00
600;Marginal price Day Ahead market Spain;3;Spain;80.35;2025-12-02T01:00:00+01:00
600;Marginal price Day Ahead market Spain;3;Spain;75;2025-12-02T02:00:00+01:00
600;Marginal price Day Ahead market Spain;3;Spain;70;2025-12-02T03:00:00+01:00
600;Marginal price Day Ahead market Spain;3;Spain;67.91;2025-12-02T04:00:00+01:00
600;Marginal price Day Ahead market Spain;3;Spain;67.37;2025-12-02T05:00:00+01:00
600;Marginal price Day Ahead market Spain;3;Spain;71.2;2025-12-02T06:00:00+01:00
600;Marginal price Day Ahead market Spain;3;Spain;85;2025-12-02T07:00:00+01:00
600;Marginal price Day Ahead market Spain;3;Spain;95.07;2025-12-02T08:00:00+01:00
600;Marginal price Day Ahead market Spain;3;Spain;96.3;2025-12-02T09:00:00+01:00
600;Marginal price Day Ahead market Spain;3;Spain;90.63;2025-12-02T10:00:00+01:00
600;Marginal price Day Ahead market Spain;3;Spain;86;2025-12-02T11:00:00+01:00
600;Marginal price Day Ahead market Spain;3;Spain;82.54;2025-12-02T12:00:00+01:00
600;Marginal price Day Ahead market Spain;3;Spain;78.13;2025-12-02T13:00:00+01:00
600;Marginal price Day Ahead market Spain;3;Spain;71;2025-12-02T14:00:00+01:00
600;Marginal price Day Ahead market Spain;3;Spain;76.35;2025-12-02T15:00:00+01:00
600;Marginal price Day Ahead market Spain;3;Spain;80.53;2025-12-02T16:00:00+01:00
600;Marginal price Day Ahead market Spain;3;Spain;95.58;2025-12-02T17:00:00+01:00
600;Marginal price Day Ahead market Spain;3;Spain;109.63;2025-12-02T18:00:00+01:00
600;Marginal price Day Ahead market Spain;3;Spain;127.25;2025-12-02T19:00:00+01:00
600;Marginal price Day Ahead market Spain;3;Spain;123.82;2025-12-02T20:00:00+01:00
600;Marginal price Day Ahead market Spain;3;Spain;113.16;2025-12-02T21:00:00+01:00
600;Marginal price Day Ahead market Spain;3;Spain;97.98;2025-12-02T22:00:00+01:00
600;Marginal price Day Ahead market Spain;3;Spain;95.07;2025-12-02T23:00:00+01:00
600;Marginal price Day Ahead market Spain;3;Spain;92.07;2025-12-03T00:00:00+01:00
600;Marginal price Day Ahead market Spain;3;Spain;81.21;2025-12-03T01:00:00+01:00
600;Marginal price Day Ahead market Spain;3;Spain;78.74;2025-12-03T02:00:00+01:00
600;Marginal price Day Ahead market Spain;3;Spain;70.27;2025-12-03T03:00:00+01:00
600;Marginal price Day Ahead market Spain;3;Spain;67.24;2025-12-03T04:00:00+01:00
600;Marginal price Day Ahead market Spain;3;Spain;70.15;2025-12-03T05:00:00+01:00
600;Marginal price Day Ahead market Spain;3;Spain;71.34;2025-12-03T06:00:00+01:00
600;Marginal price Day Ahead market Spain;3;Spain;85.4;2025-12-03T07:00:00+01:00
600;Marginal price Day Ahead market Spain;3;Spain;103.43;2025-12-03T08:00:00+01:00
600;Marginal price Day Ahead market Spain;3;Spain;96.4;2025-12-03T09:00:00+01:00
600;Marginal price Day Ahead market Spain;3;Spain;77.5;2025-12-03T10:00:00+01:00
600;Marginal price Day Ahead market Spain;3;Spain;50;2025-12-03T11:00:00+01:00
600;Marginal price Day Ahead market Spain;3;Spain;25.54;2025-12-03T12:00:00+01:00
600;Marginal price Day Ahead market Spain;3;Spain;16.57;2025-12-03T13:00:00+01:00
600;Marginal price Day Ahead market Spain;3;Spain;14;2025-12-03T14:00:00+01:00
600;Marginal price Day Ahead market Spain;3;Spain;16.68;2025-12-03T15:00:00+01:00
600;Marginal price Day Ahead market Spain;3;Spain;40.56;2025-12-03T16:00:00+01:00
600;Marginal price Day Ahead market Spain;3;Spain;76.36;2025-12-03T17:00:00+01:00
600;Marginal price Day Ahead market Spain;3;Spain;96.54;2025-12-03T18:00:00+01:00
600;Marginal price Day Ahead market Spain;3;Spain;98.39;2025-12-03T19:00:00+01:00
600;Marginal price Day Ahead market Spain;3;Spain;98.39;2025-12-03T20:00:00+01:00
600;Marginal price Day Ahead market Spain;3;Spain;93.3;2025-12-03T21:00:00+01:00
600;Marginal price Day Ahead market Spain;3;Spain;90;2025-12-03T22:00:00+01:00
600;Marginal price Day Ahead market Spain;3;Spain;84.84;2025-12-03T23:00:00+01:00
600;Marginal price Day Ahead market Spain;3;Spain;70;2025-12-04T00:00:00+01:00
600;Marginal price Day Ahead market Spain;3;Spain;64;2025-12-04T01:00:00+01:00
600;Marginal price Day Ahead market Spain;3;Spain;54.9;2025-12-04T02:00:00+01:00
600;Marginal price Day Ahead market Spain;3;Spain;50.33;2025-12-04T03:00:00+01:00
600;Marginal price Day Ahead market Spain;3;Spain;35.89;2025-12-04T04:00:00+01:00
600;Marginal price Day Ahead market Spain;3;Spain;42.5;2025-12-04T05:00:00+01:00
600;Marginal price Day Ahead market Spain;3;Spain;54.9;2025-12-04T06:00:00+01:00
600;Marginal price Day Ahead market Spain;3;Spain;70;2025-12-04T07:00:00+01:00
600;Marginal price Day Ahead market Spain;3;Spain;85.31;2025-12-04T08:00:00+01:00
600;Marginal price Day Ahead market Spain;3;Spain;84;2025-12-04T09:00:00+01:00
600;Marginal price Day Ahead market Spain;3;Spain;73.08;2025-12-04T10:00:00+01:00
600;Marginal price Day Ahead market Spain;3;Spain;65.2;2025-12-04T11:00:00+01:00
600;Marginal price Day Ahead market Spain;3;Spain;52.37;2025-12-04T12:00:00+01:00
600;Marginal price Day Ahead market Spain;3;Spain;50;2025-12-04T13:00:00+01:00
600;Marginal price Day Ahead market Spain;3;Spain;44;2025-12-04T14:00:00+01:00
600;Marginal price Day Ahead market Spain;3;Spain;51.85;2025-12-04T15:00:00+01:00
600;Marginal price Day Ahead market Spain;3;Spain;54.9;2025-12-04T16:00:00+01:00
600;Marginal price Day Ahead market Spain;3;Spain;71.9;2025-12-04T17:00:00+01:00
600;Marginal price Day Ahead market Spain;3;Spain;80.85;2025-12-04T18:00:00+01:00
600;Marginal price Day Ahead market Spain;3;Spain;87.1;2025-12-04T19:00:00+01:00
600;Marginal price Day Ahead market Spain;3;Spain;90;2025-12-04T20:00:00+01:00
600;Marginal price Day Ahead market Spain;3;Spain;86.04;2025-12-04T21:00:00+01:00
600;Marginal price Day Ahead market Spain;3;Spain;83.9;2025-12-04T22:00:00+01:00
600;Marginal price Day Ahead market Spain;3;Spain;73.08;2025-12-04T23:00:00+01:00
600;Marginal price Day Ahead market Spain;3;Spain;76.08;2025-12-05T00:00:00+01:00
600;Marginal price Day Ahead market Spain;3;Spain;70;2025-12-05T01:00:00+01:00
600;Marginal price Day Ahead market Spain;3;Spain;56.9;2025-12-05T02:00:00+01:00
600;Marginal price Day Ahead market Spain;3;Spain;55.41;2025-12-05T03:00:00+01:00
600;Marginal price Day Ahead market Spain;3;Spain;54.2;2025-12-05T04:00:00+01:00
600;Marginal price Day Ahead market Spain;3;Spain;56.5;2025-12-05T05:00:00+01:00
600;Marginal price Day Ahead market Spain;3;Spain;61.88;2025-12-05T06:00:00+01:00
600;Marginal price Day Ahead market Spain;3;Spain;74.74;2025-12-05T07:00:00+01:00
600;Marginal price Day Ahead market Spain;3;Spain;86.74;2025-12-05T08:00:00+01:00
600;Marginal price Day Ahead market Spain;3;Spain;87.38;2025-12-05T09:00:00+01:00
600;Marginal price Day Ahead market Spain;3;Spain;87.85;2025-12-05T10:00:00+01:00
600;Marginal price Day Ahead market Spain;3;Spain;76.71;2025-12-05T11:00:00+01:00
600;Marginal price Day Ahead market Spain;3;Spain;72.34;2025-12-05T12:00:00+01:00
600;Marginal price Day Ahead market Spain;3;Spain;56.52;2025-12-05T13:00:00+01:00
600;Marginal price Day Ahead market Spain;3;Spain;53.5;2025-12-05T14:00:00+01:00
600;Marginal price Day Ahead market Spain;3;Spain;60;2025-12-05T15:00:00+01:00
600;Marginal price Day Ahead market Spain;3;Spain;72.34;2025-12-05T16:00:00+01:00
600;Marginal price Day Ahead market Spain;3;Spain;81.31;2025-12-05T17:00:00+01:00
600;Marginal price Day Ahead market Spain;3;Spain;86.43;2025-12-05T18:00:00+01:00
600;Marginal price Day Ahead market Spain;3;Spain;82.38;2025-12-05T19:00:00+01:00
600;Marginal price Day Ahead market Spain;3;Spain;81.31;2025-12-05T20:00:00+01:00
600;Marginal price Day Ahead market Spain;3;Spain;77.76;2025-12-05T21:00:00+01:00
600;Marginal price Day Ahead market Spain;3;Spain;70.43;2025-12-05T22:00:00+01:00
600;Marginal price Day Ahead market Spain;3;Spain;61.6;2025-12-05T23:00:00+01:00
600;Marginal price Day Ahead market Spain;3;Spain;48.59;2025-12-06T00:00:00+01:00
600;Marginal price Day Ahead market Spain;3;Spain;23.07;2025-12-06T01:00:00+01:00
600;Marginal price Day Ahead market Spain;3;Spain;25.3;2025-12-06T02:00:00+01:00
600;Marginal price Day Ahead market Spain;3;Spain;16.57;2025-12-06T03:00:00+01:00
600;Marginal price Day Ahead market Spain;3;Spain;14;2025-12-06T04:00:00+01:00
600;Marginal price Day Ahead market Spain;3;Spain;10.94;2025-12-06T05:00:00+01:00
600;Marginal price Day Ahead market Spain;3;Spain;16.68;2025-12-06T06:00:00+01:00
600;Marginal price Day Ahead market Spain;3;Spain;18.36;2025-12-06T07:00:00+01:00
600;Marginal price Day Ahead market Spain;3;Spain;19.95;2025-12-06T08:00:00+01:00
600;Marginal price Day Ahead market Spain;3;Spain;35.01;2025-12-06T09:00:00+01:00
600;Marginal price Day Ahead market Spain;3;Spain;32;2025-12-06T10:00:00+01:00
600;Marginal price Day Ahead market Spain;3;Spain;20;2025-12-06T11:00:00+01:00
600;Marginal price Day Ahead market Spain;3;Spain;19.55;2025-12-06T12:00:00+01:00
600;Marginal price Day Ahead market Spain;3;Spain;16.64;2025-12-06T13:00:00+01:00
600;Marginal price Day Ahead market Spain;3;Spain;13.96;2025-12-06T14:00:00+01:00
600;Marginal price Day Ahead market Spain;3;Spain;13.95;2025-12-06T15:00:00+01:00
600;Marginal price Day Ahead market Spain;3;Spain;20.77;2025-12-06T16:00:00+01:00
600;Marginal price Day Ahead market Spain;3;Spain;45.95;2025-12-06T17:00:00+01:00
600;Marginal price Day Ahead market Spain;3;Spain;54.7;2025-12-06T18:00:00+01:00
600;Marginal price Day Ahead market Spain;3;Spain;62.37;2025-12-06T19:00:00+01:00
600;Marginal price Day Ahead market Spain;3;Spain;68.63;2025-12-06T20:00:00+01:00
600;Marginal price Day Ahead market Spain;3;Spain;71.24;2025-12-06T21:00:00+01:00
600;Marginal price Day Ahead market Spain;3;Spain;74.64;2025-12-06T22:00:00+01:00
600;Marginal price Day Ahead market Spain;3;Spain;55.16;2025-12-06T23:00:00+01:00
600;Marginal price Day Ahead market Spain;3;Spain;40;2025-12-07T00:00:00+01:00
600;Marginal price Day Ahead market Spain;3;Spain;27;2025-12-07T01:00:00+01:00
600;Marginal price Day Ahead market Spain;3;Spain;25;2025-12-07T02:00:00+01:00
600;Marginal price Day Ahead market Spain;3;Spain;21.01;2025-12-07T03:00:00+01:00
600;Marginal price Day Ahead market Spain;3;Spain;14.83;2025-12-07T04:00:00+01:00
600;Marginal price Day Ahead market Spain;3;Spain;13.69;2025-12-07T05:00:00+01:00
600;Marginal price Day Ahead market Spain;3;Spain;16.68;2025-12-07T06:00:00+01:00
600;Marginal price Day Ahead market Spain;3;Spain;17.43;2025-12-07T07:00:00+01:00
600;Marginal price Day Ahead market Spain;3;Spain;28.19;2025-12-07T08:00:00+01:00
600;Marginal price Day Ahead market Spain;3;Spain;22.95;2025-12-07T09:00:00+01:00
600;Marginal price Day Ahead market Spain;3;Spain;16.9;2025-12-07T10:00:00+01:00
600;Marginal price Day Ahead market Spain;3;Spain;10;2025-12-07T11:00:00+01:00
600;Marginal price Day Ahead market Spain;3;Spain;1;2025-12-07T12:00:00+01:00
600;Marginal price Day Ahead market Spain;3;Spain;0.5;2025-12-07T13:00:00+01:00
600;Marginal price Day Ahead market Spain;3;Spain;0.66;2025-12-07T14:00:00+01:00
600;Marginal price Day Ahead market Spain;3;Spain;1;2025-12-07T15:00:00+01:00
600;Marginal price Day Ahead market Spain;3;Spain;4.96;2025-12-07T16:00:00+01:00
600;Marginal price Day Ahead market Spain;3;Spain;31.5;2025-12-07T17:00:00+01:00
600;Marginal price Day Ahead market Spain;3;Spain;69.22;2025-12-07T18:00:00+01:00
600;Marginal price Day Ahead market Spain;3;Spain;80.95;2025-12-07T19:00:00+01:00
600;Marginal price Day Ahead market Spain;3;Spain;88.8;2025-12-07T20:00:00+01:00
600;Marginal price Day Ahead market Spain;3;Spain;94;2025-12-07T21:00:00+01:00
600;Marginal price Day Ahead market Spain;3;Spain;85.02;2025-12-07T22:00:00+01:00
600;Marginal price Day Ahead market Spain;3;Spain;76.1;2025-12-07T23:00:00+01:00
600;Marginal price Day Ahead market Spain;3;Spain;72.02;2025-12-08T00:00:00+01:00
600;Marginal price Day Ahead market Spain;3;Spain;70.5;2025-12-08T01:00:00+01:00
600;Marginal price Day Ahead market Spain;3;Spain;55.53;2025-12-08T02:00:00+01:00
600;Marginal price Day Ahead market Spain;3;Spain;50;2025-12-08T03:00:00+01:00
600;Marginal price Day Ahead market Spain;3;Spain;47.04;2025-12-08T04:00:00+01:00
600;Marginal price Day Ahead market Spain;3;Spain;50;2025-12-08T05:00:00+01:00
600;Marginal price Day Ahead market Spain;3;Spain;49.03;2025-12-08T06:00:00+01:00
600;Marginal price Day Ahead market Spain;3;Spain;62.7;2025-12-08T07:00:00+01:00
600;Marginal price Day Ahead market Spain;3;Spain;70.08;2025-12-08T08:00:00+01:00
600;Marginal price Day Ahead market Spain;3;Spain;68.5;2025-12-08T09:00:00+01:00
600;Marginal price Day Ahead market Spain;3;Spain;35.75;2025-12-08T10:00:00+01:00
600;Marginal price Day Ahead market Spain;3;Spain;24.98;2025-12-08T11:00:00+01:00
600;Marginal price Day Ahead market Spain;3;Spain;23.01;2025-12-08T12:00:00+01:00
600;Marginal price Day Ahead market Spain;3;Spain;16.46;2025-12-08T13:00:00+01:00
600;Marginal price Day Ahead market Spain;3;Spain;13.29;2025-12-08T14:00:00+01:00
600;Marginal price Day Ahead market Spain;3;Spain;20;2025-12-08T15:00:00+01:00
600;Marginal price Day Ahead market Spain;3;Spain;20.81;2025-12-08T16:00:00+01:00
600;Marginal price Day Ahead market Spain;3;Spain;68.5;2025-12-08T17:00:00+01:00
600;Marginal price Day Ahead market Spain;3;Spain;77.05;2025-12-08T18:00:00+01:00
600;Marginal price Day Ahead market Spain;3;Spain;90.83;2025-12-08T19:00:00+01:00
600;Marginal price Day Ahead market Spain;3;Spain;95.87;2025-12-08T20:00:00+01:00
600;Marginal price Day Ahead market Spain;3;Spain;100.01;2025-12-08T21:00:00+01:00
600;Marginal price Day Ahead market Spain;3;Spain;87.9;2025-12-08T22:00:00+01:00
600;Marginal price Day Ahead market Spain;3;Spain;76.7;2025-12-08T23:00:00+01:00
600;Marginal price Day Ahead market Spain;3;Spain;60;2025-12-09T00:00:00+01:00
600;Marginal price Day Ahead market Spain;3;Spain;50.3;2025-12-09T01:00:00+01:00
600;Marginal price Day Ahead market Spain;3;Spain;45;2025-12-09T02:00:00+01:00
600;Marginal price Day Ahead market Spain;3;Spain;44.85;2025-12-09T03:00:00+01:00
600;Marginal price Day Ahead market Spain;3;Spain;36.5;2025-12-09T04:00:00+01:00
600;Marginal price Day Ahead market Spain;3;Spain;38;2025-12-09T05:00:00+01:00
600;Marginal price Day Ahead market Spain;3;Spain;50.35;2025-12-09T06:00:00+01:00
600;Marginal price Day Ahead market Spain;3;Spain;69.7;2025-12-09T07:00:00+01:00
600;Marginal price Day Ahead market Spain;3;Spain;89.17;2025-12-09T08:00:00+01:00
600;Marginal price Day Ahead market Spain;3;Spain;83.39;2025-12-09T09:00:00+01:00
600;Marginal price Day Ahead market Spain;3;Spain;52.57;2025-12-09T10:00:00+01:00
600;Marginal price Day Ahead market Spain;3;Spain;16.79;2025-12-09T11:00:00+01:00
600;Marginal price Day Ahead market Spain;3;Spain;11.19;2025-12-09T12:00:00+01:00
600;Marginal price Day Ahead market Spain;3;Spain;11.52;2025-12-09T13:00:00+01:00
600;Marginal price Day Ahead market Spain;3;Spain;10.9;2025-12-09T14:00:00+01:00
600;Marginal price Day Ahead market Spain;3;Spain;25.01;2025-12-09T15:00:00+01:00
600;Marginal price Day Ahead market Spain;3;Spain;50.12;2025-12-09T16:00:00+01:00
600;Marginal price Day Ahead market Spain;3;Spain;79.94;2025-12-09T17:00:00+01:00
600;Marginal price Day Ahead market Spain;3;Spain;100;2025-12-09T18:00:00+01:00
600;Marginal price Day Ahead market Spain;3;Spain;108;2025-12-09T19:00:00+01:00
600;Marginal price Day Ahead market Spain;3;Spain;124.27;2025-12-09T20:00:00+01:00
600;Marginal price Day Ahead market Spain;3;Spain;145;2025-12-09T21:00:00+01:00
600;Marginal price Day Ahead market Spain;3;Spain;106.94;2025-12-09T22:00:00+01:00
600;Marginal price Day Ahead market Spain;3;Spain;102.55;2025-12-09T23:00:00+01:00
600;Marginal price Day Ahead market Spain;3;Spain;100.01;2025-12-10T00:00:00+01:00
600;Marginal price Day Ahead market Spain;3;Spain;90;2025-12-10T01:00:00+01:00
600;Marginal price Day Ahead market Spain;3;Spain;86.86;2025-12-10T02:00:00+01:00
600;Marginal price Day Ahead market Spain;3;Spain;82;2025-12-10T03:00:00+01:00
600;Marginal price Day Ahead market Spain;3;Spain;83.08;2025-12-10T04:00:00+01:00
600;Marginal price Day Ahead market Spain;3;Spain;85;2025-12-10T05:00:00+01:00
600;Marginal price Day Ahead market Spain;3;Spain;89.82;2025-12-10T06:00:00+01:00
600;Marginal price Day Ahead market Spain;3;Spain;101.08;2025-12-10T07:00:00+01:00
600;Marginal price Day Ahead market Spain;3;Spain;110.35;2025-12-10T08:00:00+01:00
600;Marginal price Day Ahead market Spain;3;Spain;112.14;2025-12-10T09:00:00+01:00
600;Marginal price Day Ahead market Spain;3;Spain;108.5;2025-12-10T10:00:00+01:00
600;Marginal price Day Ahead market Spain;3;Spain;102.18;2025-12-10T11:00:00+01:00
600;Marginal price Day Ahead market Spain;3;Spain;99.5;2025-12-10T12:00:00+01:00
600;Marginal price Day Ahead market Spain;3;Spain;97.42;2025-12-10T13:00:00+01:00
600;Marginal price Day Ahead market Spain;3;Spain;97;2025-12-10T14:00:00+01:00
600;Marginal price Day Ahead market Spain;3;Spain;99.5;2025-12-10T15:00:00+01:00
600;Marginal price Day Ahead market Spain;3;Spain;101.08;2025-12-10T16:00:00+01:00
600;Marginal price Day Ahead market Spain;3;Spain;110.35;2025-12-10T17:00:00+01:00
600;Marginal price Day Ahead market Spain;3;Spain;115.98;2025-12-10T18:00:00+01:00
600;Marginal price Day Ahead market Spain;3;Spain;116.89;2025-12-10T19:00:00+01:00
600;Marginal price Day Ahead market Spain;3;Spain;123.32;2025-12-10T20:00:00+01:00
600;Marginal price Day Ahead market Spain;3;Spain;123.32;2025-12-10T21:00:00+01:00
600;Marginal price Day Ahead market Spain;3;Spain;116.94;2025-12-10T22:00:00+01:00
600;Marginal price Day Ahead market Spain;3;Spain;102.72;2025-12-10T23:00:00+01:00
600;Marginal price Day Ahead market Spain;3;Spain;112.74;2025-12-11T00:00:00+01:00
600;Marginal price Day Ahead market Spain;3;Spain;99.38;2025-12-11T01:00:00+01:00
600;Marginal price Day Ahead market Spain;3;Spain;96.29;2025-12-11T02:00:00+01:00
600;Marginal price Day Ahead market Spain;3;Spain;83.45;2025-12-11T03:00:00+01:00
600;Marginal price Day Ahead market Spain;3;Spain;81;2025-12-11T04:00:00+01:00
600;Marginal price Day Ahead market Spain;3;Spain;81;2025-12-11T05:00:00+01:00
600;Marginal price Day Ahead market Spain;3;Spain;90;2025-12-11T06:00:00+01:00
600;Marginal price Day Ahead market Spain;3;Spain;102.5;2025-12-11T07:00:00+01:00
600;Marginal price Day Ahead market Spain;3;Spain;119.5;2025-12-11T08:00:00+01:00
600;Marginal price Day Ahead market Spain;3;Spain;113.94;2025-12-11T09:00:00+01:00
600;Marginal price Day Ahead market Spain;3;Spain;99.8;2025-12-11T10:00:00+01:00
600;Marginal price Day Ahead market Spain;3;Spain;82.12;2025-12-11T11:00:00+01:00
600;Marginal price Day Ahead market Spain;3;Spain;79;2025-12-11T12:00:00+01:00
600;Marginal price Day Ahead market Spain;3;Spain;75.11;2025-12-11T13:00:00+01:00
600;Marginal price Day Ahead market Spain;3;Spain;75;2025-12-11T14:00:00+01:00
600;Marginal price Day Ahead market Spain;3;Spain;75.24;2025-12-11T15:00:00+01:00
600;Marginal price Day Ahead market Spain;3;Spain;77.4;2025-12-11T16:00:00+01:00
600;Marginal price Day Ahead market Spain;3;Spain;99.38;2025-12-11T17:00:00+01:00
600;Marginal price Day Ahead market Spain;3;Spain;105;2025-12-11T18:00:00+01:00
600;Marginal price Day Ahead market Spain;3;Spain;113.22;2025-12-11T19:00:00+01:00
600;Marginal price Day Ahead market Spain;3;Spain;124.79;2025-12-11T20:00:00+01:00
600;Marginal price Day Ahead market Spain;3;Spain;122.94;2025-12-11T21:00:00+01:00
600;Marginal price Day Ahead market Spain;3;Spain;112.74;2025-12-11T22:00:00+01:00
600;Marginal price Day Ahead market Spain;3;Spain;100;2025-12-11T23:00:00+01:00
600;Marginal price Day Ahead market Spain;3;Spain;99.01;2025-12-12T00:00:00+01:00
600;Marginal price Day Ahead market Spain;3;Spain;84.21;2025-12-12T01:00:00+01:00
600;Marginal price Day Ahead market Spain;3;Spain;79.14;2025-12-12T02:00:00+01:00
600;Marginal price Day Ahead market Spain;3;Spain;75.24;2025-12-12T03:00:00+01:00
600;Marginal price Day Ahead market Spain;3;Spain;75.24;2025-12-12T04:00:00+01:00
600;Marginal price Day Ahead market Spain;3;Spain;77.5;2025-12-12T05:00:00+01:00
600;Marginal price Day Ahead market Spain;3;Spain;88.51;2025-12-12T06:00:00+01:00
600;Marginal price Day Ahead market Spain;3;Spain;96.53;2025-12-12T07:00:00+01:00
600;Marginal price Day Ahead market Spain;3;Spain;116.66;2025-12-12T08:00:00+01:00
600;Marginal price Day Ahead market Spain;3;Spain;121.28;2025-12-12T09:00:00+01:00
600;Marginal price Day Ahead market Spain;3;Spain;108.5;2025-12-12T10:00:00+01:00
600;Marginal price Day Ahead market Spain;3;Spain;108.5;2025-12-12T11:00:00+01:00
600;Marginal price Day Ahead market Spain;3;Spain;101.26;2025-12-12T12:00:00+01:00
600;Marginal price Day Ahead market Spain;3;Spain;99.01;2025-12-12T13:00:00+01:00
600;Marginal price Day Ahead market Spain;3;Spain;98.04;2025-12-12T14:00:00+01:00
600;Marginal price Day Ahead market Spain;3;Spain;91.37;2025-12-12T15:00:00+01:00
600;Marginal price Day Ahead market Spain;3;Spain;91;2025-12-12T16:00:00+01:00
600;Marginal price Day Ahead market Spain;3;Spain;99.87;2025-12-12T17:00:00+01:00
600;Marginal price Day Ahead market Spain;3;Spain;109.7;2025-12-12T18:00:00+01:00
600;Marginal price Day Ahead market Spain;3;Spain;110.27;2025-12-12T19:00:00+01:00
600;Marginal price Day Ahead market Spain;3;Spain;109.5;2025-12-12T20:00:00+01:00
600;Marginal price Day Ahead market Spain;3;Spain;109.5;2025-12-12T21:00:00+01:00
600;Marginal price Day Ahead market Spain;3;Spain;100;2025-12-12T22:00:00+01:00
600;Marginal price Day Ahead market Spain;3;Spain;96.53;2025-12-12T23:00:00+01:00
600;Marginal price Day Ahead market Spain;3;Spain;98.03;2025-12-13T00:00:00+01:00
600;Marginal price Day Ahead market Spain;3;Spain;87.5;2025-12-13T01:00:00+01:00
600;Marginal price Day Ahead market Spain;3;Spain;75.2;2025-12-13T02:00:00+01:00
600;Marginal price Day Ahead market Spain;3;Spain;70.1;2025-12-13T03:00:00+01:00
600;Marginal price Day Ahead market Spain;3;Spain;68.27;2025-12-13T04:00:00+01:00
600;Marginal price Day Ahead market Spain;3;Spain;65;2025-12-13T05:00:00+01:00
600;Marginal price Day Ahead market Spain;3;Spain;69.71;2025-12-13T06:00:00+01:00
600;Marginal price Day Ahead market Spain;3;Spain;74.12;2025-12-13T07:00:00+01:00
600;Marginal price Day Ahead market Spain;3;Spain;83.35;2025-12-13T08:00:00+01:00
600;Marginal price Day Ahead market Spain;3;Spain;89.96;2025-12-13T09:00:00+01:00
600;Marginal price Day Ahead market Spain;3;Spain;78.35;2025-12-13T10:00:00+01:00
600;Marginal price Day Ahead market Spain;3;Spain;69.58;2025-12-13T11:00:00+01:00
600;Marginal price Day Ahead market Spain;3;Spain;68.42;2025-12-13T12:00:00+01:00
600;Marginal price Day Ahead market Spain;3;Spain;60;2025-12-13T13:00:00+01:00
600;Marginal price Day Ahead market Spain;3;Spain;57.51;2025-12-13T14:00:00+01:00
600;Marginal price Day Ahead market Spain;3;Spain;60;2025-12-13T15:00:00+01:00
600;Marginal price Day Ahead market Spain;3;Spain;69.32;2025-12-13T16:00:00+01:00
600;Marginal price Day Ahead market Spain;3;Spain;80.39;2025-12-13T17:00:00+01:00
600;Marginal price Day Ahead market Spain;3;Spain;96.94;2025-12-13T18:00:00+01:00
600;Marginal price Day Ahead market Spain;3;Spain;96.46;2025-12-13T19:00:00+01:00
600;Marginal price Day Ahead market Spain;3;Spain;97.5;2025-12-13T20:00:00+01:00
600;Marginal price Day Ahead market Spain;3;Spain;99.87;2025-12-13T21:00:00+01:00
600;Marginal price Day Ahead market Spain;3;Spain;100;2025-12-13T22:00:00+01:00
600;Marginal price Day Ahead market Spain;3;Spain;97;2025-12-13T23:00:00+01:00
600;Marginal price Day Ahead market Spain;3;Spain;97.5;2025-12-14T00:00:00+01:00
600;Marginal price Day Ahead market Spain;3;Spain;81.67;2025-12-14T01:00:00+01:00
600;Marginal price Day Ahead market Spain;3;Spain;71.16;2025-12-14T02:00:00+01:00
600;Marginal price Day Ahead market Spain;3;Spain;70.51;2025-12-14T03:00:00+01:00
600;Marginal price Day Ahead market Spain;3;Spain;65.07;2025-12-14T04:00:00+01:00
600;Marginal price Day Ahead market Spain;3;Spain;63.57;2025-12-14T05:00:00+01:00
600;Marginal price Day Ahead market Spain;3;Spain;70.43;2025-12-14T06:00:00+01:00
600;Marginal price Day Ahead market Spain;3;Spain;70.71;2025-12-14T07:00:00+01:00
600;Marginal price Day Ahead market Spain;3;Spain;74.12;2025-12-14T08:00:00+01:00
600;Marginal price Day Ahead market Spain;3;Spain;76.51;2025-12-14T09:00:00+01:00
600;Marginal price Day Ahead market Spain;3;Spain;75.2;2025-12-14T10:00:00+01:00
600;Marginal price Day Ahead market Spain;3;Spain;68.46;2025-12-14T11:00:00+01:00
600;Marginal price Day Ahead market Spain;3;Spain;63.68;2025-12-14T12:00:00+01:00
600;Marginal price Day Ahead market Spain;3;Spain;60.65;2025-12-14T13:00:00+01:00
600;Marginal price Day Ahead market Spain;3;Spain;57.77;2025-12-14T14:00:00+01:00
600;Marginal price Day Ahead market Spain;3;Spain;57.07;2025-12-14T15:00:00+01:00
600;Marginal price Day Ahead market Spain;3;Spain;68.95;2025-12-14T16:00:00+01:00
600;Marginal price Day Ahead market Spain;3;Spain;82.36;2025-12-14T17:00:00+01:00
600;Marginal price Day Ahead market Spain;3;Spain;103.32;2025-12-14T18:00:00+01:00
600;Marginal price Day Ahead market Spain;3;Spain;105;2025-12-14T19:00:00+01:00
600;Marginal price Day Ahead market Spain;3;Spain;106.74;2025-12-14T20:00:00+01:00
600;Marginal price Day Ahead market Spain;3;Spain;106.98;2025-12-14T21:00:00+01:00
600;Marginal price Day Ahead market Spain;3;Spain;105.5;2025-12-14T22:00:00+01:00
600;Marginal price Day Ahead market Spain;3;Spain;100.01;2025-12-14T23:00:00+01:00
600;Marginal price Day Ahead market Spain;3;Spain;87;2025-12-15T00:00:00+01:00
600;Marginal price Day Ahead market Spain;3;Spain;74.5;2025-12-15T01:00:00+01:00
600;Marginal price Day Ahead market Spain;3;Spain;72.53;2025-12-15T02:00:00+01:00
600;Marginal price Day Ahead market Spain;3;Spain;70.32;2025-12-15T03:00:00+01:00
600;Marginal price Day Ahead market Spain;3;Spain;65.01;2025-12-15T04:00:00+01:00
600;Marginal price Day Ahead market Spain;3;Spain;70.32;2025-12-15T05:00:00+01:00
600;Marginal price Day Ahead market Spain;3;Spain;74.5;2025-12-15T06:00:00+01:00
600;Marginal price Day Ahead market Spain;3;Spain;86.9;2025-12-15T07:00:00+01:00
600;Marginal price Day Ahead market Spain;3;Spain;105.98;2025-12-15T08:00:00+01:00
600;Marginal price Day Ahead market Spain;3;Spain;105.74;2025-12-15T09:00:00+01:00
600;Marginal price Day Ahead market Spain;3;Spain;102.01;2025-12-15T10:00:00+01:00
600;Marginal price Day Ahead market Spain;3;Spain;94.8;2025-12-15T11:00:00+01:00
600;Marginal price Day Ahead market Spain;3;Spain;85.47;2025-12-15T12:00:00+01:00
600;Marginal price Day Ahead market Spain;3;Spain;85.35;2025-12-15T13:00:00+01:00
600;Marginal price Day Ahead market Spain;3;Spain;85.73;2025-12-15T14:00:00+01:00
600;Marginal price Day Ahead market Spain;3;Spain;95.8;2025-12-15T15:00:00+01:00
600;Marginal price Day Ahead market Spain;3;Spain;97.6;2025-12-15T16:00:00+01:00
600;Marginal price Day Ahead market Spain;3;Spain;101.5;2025-12-15T17:00:00+01:00
600;Marginal price Day Ahead market Spain;3;Spain;100;2025-12-15T18:00:00+01:00
600;Marginal price Day Ahead market Spain;3;Spain;103.55;2025-12-15T19:00:00+01:00
600;Marginal price Day Ahead market Spain;3;Spain;110;2025-12-15T20:00:00+01:00
600;Marginal price Day Ahead market Spain;3;Spain;118.33;2025-12-15T21:00:00+01:00
600;Marginal price Day Ahead market Spain;3;Spain;122.06;2025-12-15T22:00:00+01:00
600;Marginal price Day Ahead market Spain;3;Spain;105.35;2025-12-15T23:00:00+01:00
600;Marginal price Day Ahead market Spain;3;Spain;100.01;2025-12-16T00:00:00+01:00
600;Marginal price Day Ahead market Spain;3;Spain;92;2025-12-16T01:00:00+01:00
600;Marginal price Day Ahead market Spain;3;Spain;84.37;2025-12-16T02:00:00+01:00
600;Marginal price Day Ahead market Spain;3;Spain;79;2025-12-16T03:00:00+01:00
600;Marginal price Day Ahead market Spain;3;Spain;74.5;2025-12-16T04:00:00+01:00
600;Marginal price Day Ahead market Spain;3;Spain;75.1;2025-12-16T05:00:00+01:00
600;Marginal price Day Ahead market Spain;3;Spain;82.36;2025-12-16T06:00:00+01:00
600;Marginal price Day Ahead market Spain;3;Spain;88.39;2025-12-16T07:00:00+01:00
600;Marginal price Day Ahead market Spain;3;Spain;97.33;2025-12-16T08:00:00+01:00
600;Marginal price Day Ahead market Spain;3;Spain;105.1;2025-12-16T09:00:00+01:00
600;Marginal price Day Ahead market Spain;3;Spain;100.69;2025-12-16T10:00:00+01:00
600;Marginal price Day Ahead market Spain;3;Spain;91.58;2025-12-16T11:00:00+01:00
600;Marginal price Day Ahead market Spain;3;Spain;89.08;2025-12-16T12:00:00+01:00
600;Marginal price Day Ahead market Spain;3;Spain;85.73;2025-12-16T13:00:00+01:00
600;Marginal price Day Ahead market Spain;3;Spain;85.35;2025-12-16T14:00:00+01:00
600;Marginal price Day Ahead market Spain;3;Spain;88.09;2025-12-16T15:00:00+01:00
600;Marginal price Day Ahead market Spain;3;Spain;90.67;2025-12-16T16:00:00+01:00
600;Marginal price Day Ahead market Spain;3;Spain;97.5;2025-12-16T17:00:00+01:00
600;Marginal price Day Ahead market Spain;3;Spain;106.68;2025-12-16T18:00:00+01:00
600;Marginal price Day Ahead market Spain;3;Spain;130.46;2025-12-16T19:00:00+01:00
600;Marginal price Day Ahead market Spain;3;Spain;124.27;2025-12-16T20:00:00+01:00
600;Marginal price Day Ahead market Spain;3;Spain;105.13;2025-12-16T21:00:00+01:00
600;Marginal price Day Ahead market Spain;3;Spain;99;2025-12-16T22:00:00+01:00
600;Marginal price Day Ahead market Spain;3;Spain;92;2025-12-16T23:00:00+01:00
600;Marginal price Day Ahead market Spain;3;Spain;86.76;2025-12-17T00:00:00+01:00
600;Marginal price Day Ahead market Spain;3;Spain;85;2025-12-17T01:00:00+01:00
600;Marginal price Day Ahead market Spain;3;Spain;84;2025-12-17T02:00:00+01:00
600;Marginal price Day Ahead market Spain;3;Spain;77.97;2025-12-17T03:00:00+01:00
600;Marginal price Day Ahead market Spain;3;Spain;76.12;2025-12-17T04:00:00+01:00
600;Marginal price Day Ahead market Spain;3;Spain;77.32;2025-12-17T05:00:00+01:00
600;Marginal price Day Ahead market Spain;3;Spain;93.75;2025-12-17T06:00:00+01:00
600;Marginal price Day Ahead market Spain;3;Spain;105.1;2025-12-17T07:00:00+01:00
600;Marginal price Day Ahead market Spain;3;Spain;124.23;2025-12-17T08:00:00+01:00
600;Marginal price Day Ahead market Spain;3;Spain;125;2025-12-17T09:00:00+01:00
600;Marginal price Day Ahead market Spain;3;Spain;108.31;2025-12-17T10:00:00+01:00
600;Marginal price Day Ahead market Spain;3;Spain;96.03;2025-12-17T11:00:00+01:00
600;Marginal price Day Ahead market Spain;3;Spain;89.37;2025-12-17T12:00:00+01:00
600;Marginal price Day Ahead market Spain;3;Spain;86.51;2025-12-17T13:00:00+01:00
600;Marginal price Day Ahead market Spain;3;Spain;84;2025-12-17T14:00:00+01:00
600;Marginal price Day Ahead market Spain;3;Spain;88;2025-12-17T15:00:00+01:00
600;Marginal price Day Ahead market Spain;3;Spain;97.86;2025-12-17T16:00:00+01:00
600;Marginal price Day Ahead market Spain;3;Spain;106.5;2025-12-17T17:00:00+01:00
600;Marginal price Day Ahead market Spain;3;Spain;119.47;2025-12-17T18:00:00+01:00
600;Marginal price Day Ahead market Spain;3;Spain;121.45;2025-12-17T19:00:00+01:00
600;Marginal price Day Ahead market Spain;3;Spain;138.41;2025-12-17T20:00:00+01:00
600;Marginal price Day Ahead market Spain;3;Spain;133.91;2025-12-17T21:00:00+01:00
600;Marginal price Day Ahead market Spain;3;Spain;113.94;2025-12-17T22:00:00+01:00
600;Marginal price Day Ahead market Spain;3;Spain;113.22;2025-12-17T23:00:00+01:00
600;Marginal price Day Ahead market Spain;3;Spain;113.46;2025-12-18T00:00:00+01:00
600;Marginal price Day Ahead market Spain;3;Spain;104.56;2025-12-18T01:00:00+01:00
600;Marginal price Day Ahead market Spain;3;Spain;100;2025-12-18T02:00:00+01:00
600;Marginal price Day Ahead market Spain;3;Spain;90.01;2025-12-18T03:00:00+01:00
600;Marginal price Day Ahead market Spain;3;Spain;85.78;2025-12-18T04:00:00+01:00
600;Marginal price Day Ahead market Spain;3;Spain;81.62;2025-12-18T05:00:00+01:00
600;Marginal price Day Ahead market Spain;3;Spain;88.9;2025-12-18T06:00:00+01:00
600;Marginal price Day Ahead market Spain;3;Spain;91.33;2025-12-18T07:00:00+01:00
600;Marginal price Day Ahead market Spain;3;Spain;104.68;2025-12-18T08:00:00+01:00
600;Marginal price Day Ahead market Spain;3;Spain;103.1;2025-12-18T09:00:00+01:00
600;Marginal price Day Ahead market Spain;3;Spain;85;2025-12-18T10:00:00+01:00
600;Marginal price Day Ahead market Spain;3;Spain;60.88;2025-12-18T11:00:00+01:00
600;Marginal price Day Ahead market Spain;3;Spain;47.25;2025-12-18T12:00:00+01:00
600;Marginal price Day Ahead market Spain;3;Spain;34.2;2025-12-18T13:00:00+01:00
600;Marginal price Day Ahead market Spain;3;Spain;30;2025-12-18T14:00:00+01:00
600;Marginal price Day Ahead market Spain;3;Spain;49.53;2025-12-18T15:00:00+01:00
600;Marginal price Day Ahead market Spain;3;Spain;67.1;2025-12-18T16:00:00+01:00
600;Marginal price Day Ahead market Spain;3;Spain;86.4;2025-12-18T17:00:00+01:00
600;Marginal price Day Ahead market Spain;3;Spain;98.6;2025-12-18T18:00:00+01:00
600;Marginal price Day Ahead market Spain;3;Spain;105.04;2025-12-18T19:00:00+01:00
600;Marginal price Day Ahead market Spain;3;Spain;110.43;2025-12-18T20:00:00+01:00
600;Marginal price Day Ahead market Spain;3;Spain;112.5;2025-12-18T21:00:00+01:00
600;Marginal price Day Ahead market Spain;3;Spain;103.33;2025-12-18T22:00:00+01:00
600;Marginal price Day Ahead market Spain;3;Spain;97.5;2025-12-18T23:00:00+01:00
600;Marginal price Day Ahead market Spain;3;Spain;93.68;2025-12-19T00:00:00+01:00
600;Marginal price Day Ahead market Spain;3;Spain;87.93;2025-12-19T01:00:00+01:00
600;Marginal price Day Ahead market Spain;3;Spain;84;2025-12-19T02:00:00+01:00
600;Marginal price Day Ahead market Spain;3;Spain;80.61;2025-12-19T03:00:00+01:00
600;Marginal price Day Ahead market Spain;3;Spain;81.42;2025-12-19T04:00:00+01:00
600;Marginal price Day Ahead market Spain;3;Spain;85;2025-12-19T05:00:00+01:00
600;Marginal price Day Ahead market Spain;3;Spain;93.68;2025-12-19T06:00:00+01:00
600;Marginal price Day Ahead market Spain;3;Spain;105.1;2025-12-19T07:00:00+01:00
600;Marginal price Day Ahead market Spain;3;Spain;110.43;2025-12-19T08:00:00+01:00
600;Marginal price Day Ahead market Spain;3;Spain;114.14;2025-12-19T09:00:00+01:00
600;Marginal price Day Ahead market Spain;3;Spain;110.43;2025-12-19T10:00:00+01:00
600;Marginal price Day Ahead market Spain;3;Spain;110.43;2025-12-19T11:00:00+01:00
600;Marginal price Day Ahead market Spain;3;Spain;105.1;2025-12-19T12:00:00+01:00
600;Marginal price Day Ahead market Spain;3;Spain;102.2;2025-12-19T13:00:00+01:00
600;Marginal price Day Ahead market Spain;3;Spain;105;2025-12-19T14:00:00+01:00
600;Marginal price Day Ahead market Spain;3;Spain;103.55;2025-12-19T15:00:00+01:00
600;Marginal price Day Ahead market Spain;3;Spain;97.91;2025-12-19T16:00:00+01:00
600;Marginal price Day Ahead market Spain;3;Spain;99.22;2025-12-19T17:00:00+01:00
600;Marginal price Day Ahead market Spain;3;Spain;110.43;2025-12-19T18:00:00+01:00
600;Marginal price Day Ahead market Spain;3;Spain;115.74;2025-12-19T19:00:00+01:00
600;Marginal price Day Ahead market Spain;3;Spain;116.94;2025-12-19T20:00:00+01:00
600;Marginal price Day Ahead market Spain;3;Spain;116.94;2025-12-19T21:00:00+01:00
600;Marginal price Day Ahead market Spain;3;Spain;118.08;2025-12-19T22:00:00+01:00
600;Marginal price Day Ahead market Spain;3;Spain;110.43;2025-12-19T23:00:00+01:00
600;Marginal price Day Ahead market Spain;3;Spain;96.62;2025-12-20T00:00:00+01:00
600;Marginal price Day Ahead market Spain;3;Spain;87.53;2025-12-20T01:00:00+01:00
600;Marginal price Day Ahead market Spain;3;Spain;85;2025-12-20T02:00:00+01:00
600;Marginal price Day Ahead market Spain;3;Spain;74.4;2025-12-20T03:00:00+01:00
600;Marginal price Day Ahead market Spain;3;Spain;69.57;2025-12-20T04:00:00+01:00
600;Marginal price Day Ahead market Spain;3;Spain;69;2025-12-20T05:00:00+01:00
600;Marginal price Day Ahead market Spain;3;Spain;70.6;2025-12-20T06:00:00+01:00
600;Marginal price Day Ahead market Spain;3;Spain;74.16;2025-12-20T07:00:00+01:00
600;Marginal price Day Ahead market Spain;3;Spain;78.12;2025-12-20T08:00:00+01:00
600;Marginal price Day Ahead market Spain;3;Spain;85;2025-12-20T09:00:00+01:00
600;Marginal price Day Ahead market Spain;3;Spain;80.4;2025-12-20T10:00:00+01:00
600;Marginal price Day Ahead market Spain;3;Spain;71.14;2025-12-20T11:00:00+01:00
600;Marginal price Day Ahead market Spain;3;Spain;63.41;2025-12-20T12:00:00+01:00
600;Marginal price Day Ahead market Spain;3;Spain;53;2025-12-20T13:00:00+01:00
600;Marginal price Day Ahead market Spain;3;Spain;53;2025-12-20T14:00:00+01:00
600;Marginal price Day Ahead market Spain;3;Spain;51.3;2025-12-20T15:00:00+01:00
600;Marginal price Day Ahead market Spain;3;Spain;53;2025-12-20T16:00:00+01:00
600;Marginal price Day Ahead market Spain;3;Spain;69;2025-12-20T17:00:00+01:00
600;Marginal price Day Ahead market Spain;3;Spain;73.3;2025-12-20T18:00:00+01:00
600;Marginal price Day Ahead market Spain;3;Spain;81.23;2025-12-20T19:00:00+01:00
600;Marginal price Day Ahead market Spain;3;Spain;75;2025-12-20T20:00:00+01:00
600;Marginal price Day Ahead market Spain;3;Spain;73.5;2025-12-20T21:00:00+01:00
600;Marginal price Day Ahead market Spain;3;Spain;73.5;2025-12-20T22:00:00+01:00
600;Marginal price Day Ahead market Spain;3;Spain;71.48;2025-12-20T23:00:00+01:00
600;Marginal price Day Ahead market Spain;3;Spain;56.13;2025-12-21T00:00:00+01:00
600;Marginal price Day Ahead market Spain;3;Spain;60;2025-12-21T01:00:00+01:00
600;Marginal price Day Ahead market Spain;3;Spain;54;2025-12-21T02:00:00+01:00
600;Marginal price Day Ahead market Spain;3;Spain;50;2025-12-21T03:00:00+01:00
600;Marginal price Day Ahead market Spain;3;Spain;44.48;2025-12-21T04:00:00+01:00
600;Marginal price Day Ahead market Spain;3;Spain;40.92;2025-12-21T05:00:00+01:00
600;Marginal price Day Ahead market Spain;3;Spain;47.47;2025-12-21T06:00:00+01:00
600;Marginal price Day Ahead market Spain;3;Spain;51.33;2025-12-21T07:00:00+01:00
600;Marginal price Day Ahead market Spain;3;Spain;63;2025-12-21T08:00:00+01:00
600;Marginal price Day Ahead market Spain;3;Spain;65;2025-12-21T09:00:00+01:00
600;Marginal price Day Ahead market Spain;3;Spain;64.22;2025-12-21T10:00:00+01:00
600;Marginal price Day Ahead market Spain;3;Spain;62.5;2025-12-21T11:00:00+01:00
600;Marginal price Day Ahead market Spain;3;Spain;63;2025-12-21T12:00:00+01:00
600;Marginal price Day Ahead market Spain;3;Spain;60;2025-12-21T13:00:00+01:00
600;Marginal price Day Ahead market Spain;3;Spain;53.55;2025-12-21T14:00:00+01:00
600;Marginal price Day Ahead market Spain;3;Spain;59;2025-12-21T15:00:00+01:00
600;Marginal price Day Ahead market Spain;3;Spain;59.22;2025-12-21T16:00:00+01:00
600;Marginal price Day Ahead market Spain;3;Spain;60;2025-12-21T17:00:00+01:00
600;Marginal price Day Ahead market Spain;3;Spain;74.33;2025-12-21T18:00:00+01:00
600;Marginal price Day Ahead market Spain;3;Spain;79.62;2025-12-21T19:00:00+01:00
600;Marginal price Day Ahead market Spain;3;Spain;84.28;2025-12-21T20:00:00+01:00
600;Marginal price Day Ahead market Spain;3;Spain;76.82;2025-12-21T21:00:00+01:00
600;Marginal price Day Ahead market Spain;3;Spain;80.43;2025-12-21T22:00:00+01:00
600;Marginal price Day Ahead market Spain;3;Spain;77.18;2025-12-21T23:00:00+01:00
600;Marginal price Day Ahead market Spain;3;Spain;62.45;2025-12-22T00:00:00+01:00
600;Marginal price Day Ahead market Spain;3;Spain;50;2025-12-22T01:00:00+01:00
600;Marginal price Day Ahead market Spain;3;Spain;44.4;2025-12-22T02:00:00+01:00
600;Marginal price Day Ahead market Spain;3;Spain;40.35;2025-12-22T03:00:00+01:00
600;Marginal price Day Ahead market Spain;3;Spain;25.35;2025-12-22T04:00:00+01:00
600;Marginal price Day Ahead market Spain;3;Spain;27.49;2025-12-22T05:00:00+01:00
600;Marginal price Day Ahead market Spain;3;Spain;50;2025-12-22T06:00:00+01:00
600;Marginal price Day Ahead market Spain;3;Spain;69.05;2025-12-22T07:00:00+01:00
600;Marginal price Day Ahead market Spain;3;Spain;86.74;2025-12-22T08:00:00+01:00
600;Marginal price Day Ahead market Spain;3;Spain;92.82;2025-12-22T09:00:00+01:00
600;Marginal price Day Ahead market Spain;3;Spain;95.76;2025-12-22T10:00:00+01:00
600;Marginal price Day Ahead market Spain;3;Spain;76.82;2025-12-22T11:00:00+01:00
600;Marginal price Day Ahead market Spain;3;Spain;68.63;2025-12-22T12:00:00+01:00
600;Marginal price Day Ahead market Spain;3;Spain;60.47;2025-12-22T13:00:00+01:00
600;Marginal price Day Ahead market Spain;3;Spain;59.6;2025-12-22T14:00:00+01:00
600;Marginal price Day Ahead market Spain;3;Spain;63.5;2025-12-22T15:00:00+01:00
600;Marginal price Day Ahead market Spain;3;Spain;74.58;2025-12-22T16:00:00+01:00
600;Marginal price Day Ahead market Spain;3;Spain;87.7;2025-12-22T17:00:00+01:00
600;Marginal price Day Ahead market Spain;3;Spain;100.18;2025-12-22T18:00:00+01:00
600;Marginal price Day Ahead market Spain;3;Spain;99.06;2025-12-22T19:00:00+01:00
600;Marginal price Day Ahead market Spain;3;Spain;95;2025-12-22T20:00:00+01:00
600;Marginal price Day Ahead market Spain;3;Spain;87.5;2025-12-22T21:00:00+01:00
600;Marginal price Day Ahead market Spain;3;Spain;87.22;2025-12-22T22:00:00+01:00
600;Marginal price Day Ahead market Spain;3;Spain;85.76;2025-12-22T23:00:00+01:00
600;Marginal price Day Ahead market Spain;3;Spain;80;2025-12-23T00:00:00+01:00
600;Marginal price Day Ahead market Spain;3;Spain;65;2025-12-23T01:00:00+01:00
600;Marginal price Day Ahead market Spain;3;Spain;62.4;2025-12-23T02:00:00+01:00
600;Marginal price Day Ahead market Spain;3;Spain;60.16;2025-12-23T03:00:00+01:00
600;Marginal price Day Ahead market Spain;3;Spain;57.77;2025-12-23T04:00:00+01:00
600;Marginal price Day Ahead market Spain;3;Spain;59.62;2025-12-23T05:00:00+01:00
600;Marginal price Day Ahead market Spain;3;Spain;63.99;2025-12-23T06:00:00+01:00
600;Marginal price Day Ahead market Spain;3;Spain;74.09;2025-12-23T07:00:00+01:00
600;Marginal price Day Ahead market Spain;3;Spain;82.6;2025-12-23T08:00:00+01:00
600;Marginal price Day Ahead market Spain;3;Spain;92.55;2025-12-23T09:00:00+01:00
600;Marginal price Day Ahead market Spain;3;Spain;90.02;2025-12-23T10:00:00+01:00
600;Marginal price Day Ahead market Spain;3;Spain;87.41;2025-12-23T11:00:00+01:00
600;Marginal price Day Ahead market Spain;3;Spain;87.46;2025-12-23T12:00:00+01:00
600;Marginal price Day Ahead market Spain;3;Spain;83.01;2025-12-23T13:00:00+01:00
600;Marginal price Day Ahead market Spain;3;Spain;78.07;2025-12-23T14:00:00+01:00
600;Marginal price Day Ahead market Spain;3;Spain;80.19;2025-12-23T15:00:00+01:00
600;Marginal price Day Ahead market Spain;3;Spain;80.06;2025-12-23T16:00:00+01:00
600;Marginal price Day Ahead market Spain;3;Spain;80;2025-12-23T17:00:00+01:00
600;Marginal price Day Ahead market Spain;3;Spain;87.42;2025-12-23T18:00:00+01:00
600;Marginal price Day Ahead market Spain;3;Spain;87.1;2025-12-23T19:00:00+01:00
600;Marginal price Day Ahead market Spain;3;Spain;89.85;2025-12-23T20:00:00+01:00
600;Marginal price Day Ahead market Spain;3;Spain;90.08;2025-12-23T21:00:00+01:00
600;Marginal price Day Ahead market Spain;3;Spain;85.76;2025-12-23T22:00:00+01:00
600;Marginal price Day Ahead market Spain;3;Spain;76.82;2025-12-23T23:00:00+01:00
600;Marginal price Day Ahead market Spain;3;Spain;79.6;2025-12-24T00:00:00+01:00
600;Marginal price Day Ahead market Spain;3;Spain;57;2025-12-24T01:00:00+01:00
600;Marginal price Day Ahead market Spain;3;Spain;40.35;2025-12-24T02:00:00+01:00
600;Marginal price Day Ahead market Spain;3;Spain;35;2025-12-24T03:00:00+01:00
600;Marginal price Day Ahead market Spain;3;Spain;26.43;2025-12-24T04:00:00+01:00
600;Marginal price Day Ahead market Spain;3;Spain;25.2;2025-12-24T05:00:00+01:00
600;Marginal price Day Ahead market Spain;3;Spain;23.01;2025-12-24T06:00:00+01:00
600;Marginal price Day Ahead market Spain;3;Spain;24.5;2025-12-24T07:00:00+01:00
600;Marginal price Day Ahead market Spain;3;Spain;57.7;2025-12-24T08:00:00+01:00
600;Marginal price Day Ahead market Spain;3;Spain;60.59;2025-12-24T09:00:00+01:00
600;Marginal price Day Ahead market Spain;3;Spain;57;2025-12-24T10:00:00+01:00
600;Marginal price Day Ahead market Spain;3;Spain;30.77;2025-12-24T11:00:00+01:00
600;Marginal price Day Ahead market Spain;3;Spain;18.4;2025-12-24T12:00:00+01:00
600;Marginal price Day Ahead market Spain;3;Spain;16.79;2025-12-24T13:00:00+01:00
600;Marginal price Day Ahead market Spain;3;Spain;16.68;2025-12-24T14:00:00+01:00
600;Marginal price Day Ahead market Spain;3;Spain;20.3;2025-12-24T15:00:00+01:00
600;Marginal price Day Ahead market Spain;3;Spain;26.43;2025-12-24T16:00:00+01:00
600;Marginal price Day Ahead market Spain;3;Spain;35.1;2025-12-24T17:00:00+01:00
600;Marginal price Day Ahead market Spain;3;Spain;69.94;2025-12-24T18:00:00+01:00
600;Marginal price Day Ahead market Spain;3;Spain;70;2025-12-24T19:00:00+01:00
600;Marginal price Day Ahead market Spain;3;Spain;68.63;2025-12-24T20:00:00+01:00
600;Marginal price Day Ahead market Spain;3;Spain;63;2025-12-24T21:00:00+01:00
600;Marginal price Day Ahead market Spain;3;Spain;45.01;2025-12-24T22:00:00+01:00
600;Marginal price Day Ahead market Spain;3;Spain;40;2025-12-24T23:00:00+01:00
600;Marginal price Day Ahead market Spain;3;Spain;35;2025-12-25T00:00:00+01:00
600;Marginal price Day Ahead market Spain;3;Spain;34.1;2025-12-25T01:00:00+01:00
600;Marginal price Day Ahead market Spain;3;Spain;30.84;2025-12-25T02:00:00+01:00
600;Marginal price Day Ahead market Spain;3;Spain;16.79;2025-12-25T03:00:00+01:00
600;Marginal price Day Ahead market Spain;3;Spain;13.06;2025-12-25T04:00:00+01:00
600;Marginal price Day Ahead market Spain;3;Spain;13.66;2025-12-25T05:00:00+01:00
600;Marginal price Day Ahead market Spain;3;Spain;15.39;2025-12-25T06:00:00+01:00
600;Marginal price Day Ahead market Spain;3;Spain;35;2025-12-25T07:00:00+01:00
600;Marginal price Day Ahead market Spain;3;Spain;39;2025-12-25T08:00:00+01:00
600;Marginal price Day Ahead market Spain;3;Spain;43.88;2025-12-25T09:00:00+01:00
600;Marginal price Day Ahead market Spain;3;Spain;35.2;2025-12-25T10:00:00+01:00
600;Marginal price Day Ahead market Spain;3;Spain;27;2025-12-25T11:00:00+01:00
600;Marginal price Day Ahead market Spain;3;Spain;26.77;2025-12-25T12:00:00+01:00
600;Marginal price Day Ahead market Spain;3;Spain;30.88;2025-12-25T13:00:00+01:00
600;Marginal price Day Ahead market Spain;3;Spain;17.46;2025-12-25T14:00:00+01:00
600;Marginal price Day Ahead market Spain;3;Spain;30;2025-12-25T15:00:00+01:00
600;Marginal price Day Ahead market Spain;3;Spain;47;2025-12-25T16:00:00+01:00
600;Marginal price Day Ahead market Spain;3;Spain;76;2025-12-25T17:00:00+01:00
600;Marginal price Day Ahead market Spain;3;Spain;93.53;2025-12-25T18:00:00+01:00
600;Marginal price Day Ahead market Spain;3;Spain;91.6;2025-12-25T19:00:00+01:00
600;Marginal price Day Ahead market Spain;3;Spain;95.65;2025-12-25T20:00:00+01:00
600;Marginal price Day Ahead market Spain;3;Spain;100.11;2025-12-25T21:00:00+01:00
600;Marginal price Day Ahead market Spain;3;Spain;94.76;2025-12-25T22:00:00+01:00
600;Marginal price Day Ahead market Spain;3;Spain;92.53;2025-12-25T23:00:00+01:00
600;Marginal price Day Ahead market Spain;3;Spain;106.45;2025-12-26T00:00:00+01:00
600;Marginal price Day Ahead market Spain;3;Spain;95.66;2025-12-26T01:00:00+01:00
600;Marginal price Day Ahead market Spain;3;Spain;90.74;2025-12-26T02:00:00+01:00
600;Marginal price Day Ahead market Spain;3;Spain;85;2025-12-26T03:00:00+01:00
600;Marginal price Day Ahead market Spain;3;Spain;75.1;2025-12-26T04:00:00+01:00
600;Marginal price Day Ahead market Spain;3;Spain;69.91;2025-12-26T05:00:00+01:00
600;Marginal price Day Ahead market Spain;3;Spain;75.37;2025-12-26T06:00:00+01:00
600;Marginal price Day Ahead market Spain;3;Spain;86.82;2025-12-26T07:00:00+01:00
600;Marginal price Day Ahead market Spain;3;Spain;91.22;2025-12-26T08:00:00+01:00
600;Marginal price Day Ahead market Spain;3;Spain;99.73;2025-12-26T09:00:00+01:00
600;Marginal price Day Ahead market Spain;3;Spain;96;2025-12-26T10:00:00+01:00
600;Marginal price Day Ahead market Spain;3;Spain;89;2025-12-26T11:00:00+01:00
600;Marginal price Day Ahead market Spain;3;Spain;83.11;2025-12-26T12:00:00+01:00
600;Marginal price Day Ahead market Spain;3;Spain;80;2025-12-26T13:00:00+01:00
600;Marginal price Day Ahead market Spain;3;Spain;75;2025-12-26T14:00:00+01:00
600;Marginal price Day Ahead market Spain;3;Spain;73.88;2025-12-26T15:00:00+01:00
600;Marginal price Day Ahead market Spain;3;Spain;78.95;2025-12-26T16:00:00+01:00
600;Marginal price Day Ahead market Spain;3;Spain;85;2025-12-26T17:00:00+01:00
600;Marginal price Day Ahead market Spain;3;Spain;95.94;2025-12-26T18:00:00+01:00
600;Marginal price Day Ahead market Spain;3;Spain;100;2025-12-26T19:00:00+01:00
600;Marginal price Day Ahead market Spain;3;Spain;107;2025-12-26T20:00:00+01:00
600;Marginal price Day Ahead market Spain;3;Spain;119.83;2025-12-26T21:00:00+01:00
600;Marginal price Day Ahead market Spain;3;Spain;100.01;2025-12-26T22:00:00+01:00
600;Marginal price Day Ahead market Spain;3;Spain;94.36;2025-12-26T23:00:00+01:00
600;Marginal price Day Ahead market Spain;3;Spain;101.54;2025-12-27T00:00:00+01:00
600;Marginal price Day Ahead market Spain;3;Spain;92.02;2025-12-27T01:00:00+01:00
600;Marginal price Day Ahead market Spain;3;Spain;88.61;2025-12-27T02:00:00+01:00
600;Marginal price Day Ahead market Spain;3;Spain;74.84;2025-12-27T03:00:00+01:00
600;Marginal price Day Ahead market Spain;3;Spain;70.02;2025-12-27T04:00:00+01:00
600;Marginal price Day Ahead market Spain;3;Spain;69.14;2025-12-27T05:00:00+01:00
600;Marginal price Day Ahead market Spain;3;Spain;69.01;2025-12-27T06:00:00+01:00
600;Marginal price Day Ahead market Spain;3;Spain;70;2025-12-27T07:00:00+01:00
600;Marginal price Day Ahead market Spain;3;Spain;84.3;2025-12-27T08:00:00+01:00
600;Marginal price Day Ahead market Spain;3;Spain;97.41;2025-12-27T09:00:00+01:00
600;Marginal price Day Ahead market Spain;3;Spain;84.99;2025-12-27T10:00:00+01:00
600;Marginal price Day Ahead market Spain;3;Spain;70;2025-12-27T11:00:00+01:00
600;Marginal price Day Ahead market Spain;3;Spain;68.62;2025-12-27T12:00:00+01:00
600;Marginal price Day Ahead market Spain;3;Spain;69.01;2025-12-27T13:00:00+01:00
600;Marginal price Day Ahead market Spain;3;Spain;68.88;2025-12-27T14:00:00+01:00
600;Marginal price Day Ahead market Spain;3;Spain;69.35;2025-12-27T15:00:00+01:00
600;Marginal price Day Ahead market Spain;3;Spain;73.91;2025-12-27T16:00:00+01:00
600;Marginal price Day Ahead market Spain;3;Spain;87.11;2025-12-27T17:00:00+01:00
600;Marginal price Day Ahead market Spain;3;Spain;92.78;2025-12-27T18:00:00+01:00
600;Marginal price Day Ahead market Spain;3;Spain;95;2025-12-27T19:00:00+01:00
600;Marginal price Day Ahead market Spain;3;Spain;91.96;2025-12-27T20:00:00+01:00
600;Marginal price Day Ahead market Spain;3;Spain;88.04;2025-12-27T21:00:00+01:00
600;Marginal price Day Ahead market Spain;3;Spain;85;2025-12-27T22:00:00+01:00
600;Marginal price Day Ahead market Spain;3;Spain;86.46;2025-12-27T23:00:00+01:00
600;Marginal price Day Ahead market Spain;3;Spain;70;2025-12-28T00:00:00+01:00
600;Marginal price Day Ahead market Spain;3;Spain;70;2025-12-28T01:00:00+01:00
600;Marginal price Day Ahead market Spain;3;Spain;55.01;2025-12-28T02:00:00+01:00
600;Marginal price Day Ahead market Spain;3;Spain;50.01;2025-12-28T03:00:00+01:00
600;Marginal price Day Ahead market Spain;3;Spain;49.99;2025-12-28T04:00:00+01:00
600;Marginal price Day Ahead market Spain;3;Spain;52;2025-12-28T05:00:00+01:00
600;Marginal price Day Ahead market Spain;3;Spain;60.12;2025-12-28T06:00:00+01:00
600;Marginal price Day Ahead market Spain;3;Spain;69.14;2025-12-28T07:00:00+01:00
600;Marginal price Day Ahead market Spain;3;Spain;74.7;2025-12-28T08:00:00+01:00
600;Marginal price Day Ahead market Spain;3;Spain;90;2025-12-28T09:00:00+01:00
600;Marginal price Day Ahead market Spain;3;Spain;84.98;2025-12-28T10:00:00+01:00
600;Marginal price Day Ahead market Spain;3;Spain;70.65;2025-12-28T11:00:00+01:00
600;Marginal price Day Ahead market Spain;3;Spain;79.86;2025-12-28T12:00:00+01:00
600;Marginal price Day Ahead market Spain;3;Spain;76.6;2025-12-28T13:00:00+01:00
600;Marginal price Day Ahead market Spain;3;Spain;74.67;2025-12-28T14:00:00+01:00
600;Marginal price Day Ahead market Spain;3;Spain;78.74;2025-12-28T15:00:00+01:00
600;Marginal price Day Ahead market Spain;3;Spain;81.69;2025-12-28T16:00:00+01:00
600;Marginal price Day Ahead market Spain;3;Spain;95.93;2025-12-28T17:00:00+01:00
600;Marginal price Day Ahead market Spain;3;Spain;98.46;2025-12-28T18:00:00+01:00
600;Marginal price Day Ahead market Spain;3;Spain;103.68;2025-12-28T19:00:00+01:00
600;Marginal price Day Ahead market Spain;3;Spain;108.44;2025-12-28T20:00:00+01:00
600;Marginal price Day Ahead market Spain;3;Spain;101.08;2025-12-28T21:00:00+01:00
600;Marginal price Day Ahead market Spain;3;Spain;100.01;2025-12-28T22:00:00+01:00
600;Marginal price Day Ahead market Spain;3;Spain;97.74;2025-12-28T23:00:00+01:00
600;Marginal price Day Ahead market Spain;3;Spain;103.06;2025-12-29T00:00:00+01:00
600;Marginal price Day Ahead market Spain;3;Spain;95.37;2025-12-29T01:00:00+01:00
600;Marginal price Day Ahead market Spain;3;Spain;91.23;2025-12-29T02:00:00+01:00
600;Marginal price Day Ahead market Spain;3;Spain;89.61;2025-12-29T03:00:00+01:00
600;Marginal price Day Ahead market Spain;3;Spain;87.5;2025-12-29T04:00:00+01:00
600;Marginal price Day Ahead market Spain;3;Spain;87.5;2025-12-29T05:00:00+01:00
600;Marginal price Day Ahead market Spain;3;Spain;97.54;2025-12-29T06:00:00+01:00
600;Marginal price Day Ahead market Spain;3;Spain;110.48;2025-12-29T07:00:00+01:00
600;Marginal price Day Ahead market Spain;3;Spain;123.03;2025-12-29T08:00:00+01:00
600;Marginal price Day Ahead market Spain;3;Spain;126.59;2025-12-29T09:00:00+01:00
600;Marginal price Day Ahead market Spain;3;Spain;109.47;2025-12-29T10:00:00+01:00
600;Marginal price Day Ahead market Spain;3;Spain;98.5;2025-12-29T11:00:00+01:00
600;Marginal price Day Ahead market Spain;3;Spain;91.92;2025-12-29T12:00:00+01:00
600;Marginal price Day Ahead market Spain;3;Spain;90;2025-12-29T13:00:00+01:00
600;Marginal price Day Ahead market Spain;3;Spain;90.38;2025-12-29T14:00:00+01:00
600;Marginal price Day Ahead market Spain;3;Spain;91.29;2025-12-29T15:00:00+01:00
600;Marginal price Day Ahead market Spain;3;Spain;96.73;2025-12-29T16:00:00+01:00
600;Marginal price Day Ahead market Spain;3;Spain;104.5;2025-12-29T17:00:00+01:00
600;Marginal price Day Ahead market Spain;3;Spain;116.08;2025-12-29T18:00:00+01:00
600;Marginal price Day Ahead market Spain;3;Spain;120;2025-12-29T19:00:00+01:00
600;Marginal price Day Ahead market Spain;3;Spain;155;2025-12-29T20:00:00+01:00
600;Marginal price Day Ahead market Spain;3;Spain;165.5;2025-12-29T21:00:00+01:00
600;Marginal price Day Ahead market Spain;3;Spain;133.51;2025-12-29T22:00:00+01:00
600;Marginal price Day Ahead market Spain;3;Spain;105.7;2025-12-29T23:00:00+01:00
600;Marginal price Day Ahead market Spain;3;Spain;107.74;2025-12-30T00:00:00+01:00
600;Marginal price Day Ahead market Spain;3;Spain;103.55;2025-12-30T01:00:00+01:00
600;Marginal price Day Ahead market Spain;3;Spain;92.37;2025-12-30T02:00:00+01:00
600;Marginal price Day Ahead market Spain;3;Spain;88.35;2025-12-30T03:00:00+01:00
600;Marginal price Day Ahead market Spain;3;Spain;83.56;2025-12-30T04:00:00+01:00
600;Marginal price Day Ahead market Spain;3;Spain;81.4;2025-12-30T05:00:00+01:00
600;Marginal price Day Ahead market Spain;3;Spain;80.62;2025-12-30T06:00:00+01:00
600;Marginal price Day Ahead market Spain;3;Spain;82;2025-12-30T07:00:00+01:00
600;Marginal price Day Ahead market Spain;3;Spain;97.5;2025-12-30T08:00:00+01:00
600;Marginal price Day Ahead market Spain;3;Spain;104.6;2025-12-30T09:00:00+01:00
600;Marginal price Day Ahead market Spain;3;Spain;96.73;2025-12-30T10:00:00+01:00
600;Marginal price Day Ahead market Spain;3;Spain;81.4;2025-12-30T11:00:00+01:00
600;Marginal price Day Ahead market Spain;3;Spain;78.97;2025-12-30T12:00:00+01:00
600;Marginal price Day Ahead market Spain;3;Spain;72.83;2025-12-30T13:00:00+01:00
600;Marginal price Day Ahead market Spain;3;Spain;70.08;2025-12-30T14:00:00+01:00
600;Marginal price Day Ahead market Spain;3;Spain;66.73;2025-12-30T15:00:00+01:00
600;Marginal price Day Ahead market Spain;3;Spain;80.4;2025-12-30T16:00:00+01:00
600;Marginal price Day Ahead market Spain;3;Spain;89.83;2025-12-30T17:00:00+01:00
600;Marginal price Day Ahead market Spain;3;Spain;102.2;2025-12-30T18:00:00+01:00
600;Marginal price Day Ahead market Spain;3;Spain;106.83;2025-12-30T19:00:00+01:00
600;Marginal price Day Ahead market Spain;3;Spain;105.01;2025-12-30T20:00:00+01:00
600;Marginal price Day Ahead market Spain;3;Spain;107.98;2025-12-30T21:00:00+01:00
600;Marginal price Day Ahead market Spain;3;Spain;107.5;2025-12-30T22:00:00+01:00
600;Marginal price Day Ahead market Spain;3;Spain;106.94;2025-12-30T23:00:00+01:00
600;Marginal price Day Ahead market Spain;3;Spain;105.01;2025-12-31T00:00:00+01:00
600;Marginal price Day Ahead market Spain;3;Spain;90.5;2025-12-31T01:00:00+01:00
600;Marginal price Day Ahead market Spain;3;Spain;83.54;2025-12-31T02:00:00+01:00
600;Marginal price Day Ahead market Spain;3;Spain;80;2025-12-31T03:00:00+01:00
600;Marginal price Day Ahead market Spain;3;Spain;75.01;2025-12-31T04:00:00+01:00
600;Marginal price Day Ahead market Spain;3;Spain;75.05;2025-12-31T05:00:00+01:00
600;Marginal price Day Ahead market Spain;3;Spain;77.82;2025-12-31T06:00:00+01:00
600;Marginal price Day Ahead market Spain;3;Spain;86.21;2025-12-31T07:00:00+01:00
600;Marginal price Day Ahead market Spain;3;Spain;104.71;2025-12-31T08:00:00+01:00
600;Marginal price Day Ahead market Spain;3;Spain;107.58;2025-12-31T09:00:00+01:00
600;Marginal price Day Ahead market Spain;3;Spain;104.78;2025-12-31T10:00:00+01:00
600;Marginal price Day Ahead market Spain;3;Spain;89.32;2025-12-31T11:00:00+01:00
600;Marginal price Day Ahead market Spain;3;Spain;83.3;2025-12-31T12:00:00+01:00
600;Marginal price Day Ahead market Spain;3;Spain;83.1;2025-12-31T13:00:00+01:00
600;Marginal price Day Ahead market Spain;3;Spain;83.04;2025-12-31T14:00:00+01:00
600;Marginal price Day Ahead market Spain;3;Spain;86.58;2025-12-31T15:00:00+01:00
600;Marginal price Day Ahead market Spain;3;Spain;94.02;2025-12-31T16:00:00+01:00
600;Marginal price Day Ahead market Spain;3;Spain;108.73;2025-12-31T17:00:00+01:00
600;Marginal price Day Ahead market Spain;3;Spain;115.82;2025-12-31T18:00:00+01:00
600;Marginal price Day Ahead market Spain;3;Spain;130;2025-12-31T19:00:00+01:00
600;Marginal price Day Ahead market Spain;3;Spain;137.24;2025-12-31T20:00:00+01:00
600;Marginal price Day Ahead market Spain;3;Spain;123.08;2025-12-31T21:00:00+01:00
600;Marginal price Day Ahead market Spain;3;Spain;108.74;2025-12-31T22:00:00+01:00
600;Marginal price Day Ahead market Spain;3;Spain;105.01;2025-12-31T23:00:00+01:00
