ID;DatenTypID;DatumZeitID;DatumID;MonatID;DatumTextkurz;DatumKurz;WochentagID;StundenID;Preis;PreisBrutto;PreisMin;PreisMax;PreisMean;PreisMinDauer;PreisMinWartezeit;PreisMinBrutto;PreisMaxBrutto;PreisMeanBrutto;SzenarioTag;SzenarioWoche;;;;;
;;2025120100;;;;;;;0,09296;0,1214961;;;817;Quarter-hourly average price final;;;100,41;2025-12-01T00:00:00+01:00;;;92.96;92,96;;;
;;2025120101;;;;;;;0,08153;0,1125058;;;817;Quarter-hourly average price final;;;92.98;2025-12-01T01:00:00+01:00;;;81.53;81,53;;;
;;2025120102;;;;;;;0,071;0,1093719;;;817;Quarter-hourly average price final;;;90.39;2025-12-01T02:00:00+01:00;;;71;71,00;;;
;;2025120103;;;;;;;0,0699;0,1105819;;;817;Quarter-hourly average price final;;;91.39;2025-12-01T03:00:00+01:00;;;69.9;69,9;;;
;;2025120104;;;;;;;0,075;0,1160753;;;817;Quarter-hourly average price final;;;95.93;2025-12-01T04:00:00+01:00;;;75;75,00;;;
;;2025120105;;;;;;;0,08263;0,1261546;;;817;Quarter-hourly average price final;;;104.26;2025-12-01T05:00:00+01:00;;;82.63;82,63;;;
;;2025120106;;;;;;;0,09507;0,1323377;;;817;Quarter-hourly average price final;;;109.37;2025-12-01T06:00:00+01:00;;;95.07;95,07;;;
;;2025120107;;;;;;;0,10082;0,1435544;;;817;Quarter-hourly average price final;;;118.64;2025-12-01T07:00:00+01:00;;;100.82;100,82;;;
;;2025120108;;;;;;;0,12501;0,1510564;;;817;Quarter-hourly average price final;;;124.84;2025-12-01T08:00:00+01:00;;;125.01;125,01;;;
;;2025120109;;;;;;;0,11804;0,1322893;;;817;Quarter-hourly average price final;;;109.33;2025-12-01T09:00:00+01:00;;;118.04;118,04;;;
;;2025120110;;;;;;;0,088;0,1122517;;;817;Quarter-hourly average price final;;;92.77;2025-12-01T10:00:00+01:00;;;88;88,00;;;
;;2025120111;;;;;;;0,07;0,1026564;;;817;Quarter-hourly average price final;;;84.84;2025-12-01T11:00:00+01:00;;;70;70,00;;;
;;2025120112;;;;;;;0,07182;0,1048344;;;817;Quarter-hourly average price final;;;86.64;2025-12-01T12:00:00+01:00;;;71.82;71,82;;;
;;2025120113;;;;;;;0,06972;0,1035881;;;817;Quarter-hourly average price final;;;85.61;2025-12-01T13:00:00+01:00;;;69.72;69,72;;;
;;2025120114;;;;;;;0,06972;0,1028379;;;817;Quarter-hourly average price final;;;84.99;2025-12-01T14:00:00+01:00;;;69.72;69,72;;;
;;2025120115;;;;;;;0,07037;0,106238;;;817;Quarter-hourly average price final;;;87.8;2025-12-01T15:00:00+01:00;;;70.37;70,37;;;
;;2025120116;;;;;;;0,07035;0,1184227;;;817;Quarter-hourly average price final;;;97.87;2025-12-01T16:00:00+01:00;;;70.35;70,35;;;
;;2025120117;;;;;;;0,08744;0,1294216;;;817;Quarter-hourly average price final;;;106.96;2025-12-01T17:00:00+01:00;;;87.44;87,44;;;
;;2025120118;;;;;;;0,10208;0,1424533;;;817;Quarter-hourly average price final;;;117.73;2025-12-01T18:00:00+01:00;;;102.08;102,08;;;
;;2025120119;;;;;;;0,12;0,1618617;;;817;Quarter-hourly average price final;;;133.77;2025-12-01T19:00:00+01:00;;;120;120,00;;;
;;2025120120;;;;;;;0,13035;0,1775554;;;817;Quarter-hourly average price final;;;146.74;2025-12-01T20:00:00+01:00;;;130.35;130,35;;;
;;2025120121;;;;;;;0,15968;0,1792373;;;817;Quarter-hourly average price final;;;148.13;2025-12-01T21:00:00+01:00;;;159.68;159,68;;;
;;2025120122;;;;;;;0,12382;0,1455509;;;817;Quarter-hourly average price final;;;120.29;2025-12-01T22:00:00+01:00;;;123.82;123,82;;;
;;2025120123;;;;;;;0,10058;0,1214719;;;817;Quarter-hourly average price final;;;100.39;2025-12-01T23:00:00+01:00;;;100.58;100,58;;;
;;2025120200;;;;;;;0,08254;0,1056814;;;817;Quarter-hourly average price final;;;87.34;2025-12-02T00:00:00+01:00;;;82.54;82,54;;;
;;2025120201;;;;;;;0,08035;0,1044351;;;817;Quarter-hourly average price final;;;86.31;2025-12-02T01:00:00+01:00;;;80.35;80,35;;;
;;2025120202;;;;;;;0,075;0,1008293;;;817;Quarter-hourly average price final;;;83.33;2025-12-02T02:00:00+01:00;;;75;75,00;;;
;;2025120203;;;;;;;0,07;0,0982641;;;817;Quarter-hourly average price final;;;81.21;2025-12-02T03:00:00+01:00;;;70;70,00;;;
;;2025120204;;;;;;;0,06791;0,0974171;;;817;Quarter-hourly average price final;;;80.51;2025-12-02T04:00:00+01:00;;;67.91;67,91;;;
;;2025120205;;;;;;;0,06737;0,0986876;;;817;Quarter-hourly average price final;;;81.56;2025-12-02T05:00:00+01:00;;;67.37;67,37;;;
;;2025120206;;;;;;;0,0712;0,1090452;;;817;Quarter-hourly average price final;;;90.12;2025-12-02T06:00:00+01:00;;;71.2;71,2;;;
;;2025120207;;;;;;;0,085;0,1214719;;;817;Quarter-hourly average price final;;;100.39;2025-12-02T07:00:00+01:00;;;85;85,00;;;
;;2025120208;;;;;;;0,09507;0,1344552;;;817;Quarter-hourly average price final;;;111.12;2025-12-02T08:00:00+01:00;;;95.07;95,07;;;
;;2025120209;;;;;;;0,0963;0,128986;;;817;Quarter-hourly average price final;;;106.6;2025-12-02T09:00:00+01:00;;;96.3;96,3;;;
;;2025120210;;;;;;;0,09063;0,1136311;;;817;Quarter-hourly average price final;;;93.91;2025-12-02T10:00:00+01:00;;;90.63;90,63;;;
;;2025120211;;;;;;;0,086;0,112288;;;817;Quarter-hourly average price final;;;92.8;2025-12-02T11:00:00+01:00;;;86;86,00;;;
;;2025120212;;;;;;;0,08254;0,1110417;;;817;Quarter-hourly average price final;;;91.77;2025-12-02T12:00:00+01:00;;;82.54;82,54;;;
;;2025120213;;;;;;;0,07813;0,1040237;;;817;Quarter-hourly average price final;;;85.97;2025-12-02T13:00:00+01:00;;;78.13;78,13;;;
;;2025120214;;;;;;;0,071;0,1022329;;;817;Quarter-hourly average price final;;;84.49;2025-12-02T14:00:00+01:00;;;71;71,00;;;
;;2025120215;;;;;;;0,07635;0,1123001;;;817;Quarter-hourly average price final;;;92.81;2025-12-02T15:00:00+01:00;;;76.35;76,35;;;
;;2025120216;;;;;;;0,08053;0,117128;;;817;Quarter-hourly average price final;;;96.8;2025-12-02T16:00:00+01:00;;;80.53;80,53;;;
;;2025120217;;;;;;;0,09558;0,1532465;;;817;Quarter-hourly average price final;;;126.65;2025-12-02T17:00:00+01:00;;;95.58;95,58;;;
;;2025120218;;;;;;;0,10963;0,1732236;;;817;Quarter-hourly average price final;;;143.16;2025-12-02T18:00:00+01:00;;;109.63;109,63;;;
;;2025120219;;;;;;;0,12725;0,1713844;;;817;Quarter-hourly average price final;;;141.64;2025-12-02T19:00:00+01:00;;;127.25;127,25;;;
;;2025120220;;;;;;;0,12382;0,1641244;;;817;Quarter-hourly average price final;;;135.64;2025-12-02T20:00:00+01:00;;;123.82;123,82;;;
;;2025120221;;;;;;;0,11316;0,143264;;;817;Quarter-hourly average price final;;;118.4;2025-12-02T21:00:00+01:00;;;113.16;113,16;;;
;;2025120222;;;;;;;0,09798;0,1256948;;;817;Quarter-hourly average price final;;;103.88;2025-12-02T22:00:00+01:00;;;97.98;97,98;;;
;;2025120223;;;;;;;0,09507;0,1128446;;;817;Quarter-hourly average price final;;;93.26;2025-12-02T23:00:00+01:00;;;95.07;95,07;;;
;;2025120300;;;;;;;0,09207;0,1142966;;;817;Quarter-hourly average price final;;;94.46;2025-12-03T00:00:00+01:00;;;92.07;92,07;;;
;;2025120301;;;;;;;0,08121;0,1086459;;;817;Quarter-hourly average price final;;;89.79;2025-12-03T01:00:00+01:00;;;81.21;81,21;;;
;;2025120302;;;;;;;0,07874;0,1020272;;;817;Quarter-hourly average price final;;;84.32;2025-12-03T02:00:00+01:00;;;78.74;78,74;;;
;;2025120303;;;;;;;0,07027;0,0967758;;;817;Quarter-hourly average price final;;;79.98;2025-12-03T03:00:00+01:00;;;70.27;70,27;;;
;;2025120304;;;;;;;0,06724;0,096679;;;817;Quarter-hourly average price final;;;79.9;2025-12-03T04:00:00+01:00;;;67.24;67,24;;;
;;2025120305;;;;;;;0,07015;0,1000307;;;817;Quarter-hourly average price final;;;82.67;2025-12-03T05:00:00+01:00;;;70.15;70,15;;;
;;2025120306;;;;;;;0,07134;0,1050522;;;817;Quarter-hourly average price final;;;86.82;2025-12-03T06:00:00+01:00;;;71.34;71,34;;;
;;2025120307;;;;;;;0,0854;0,1261667;;;817;Quarter-hourly average price final;;;104.27;2025-12-03T07:00:00+01:00;;;85.4;85,4;;;
;;2025120308;;;;;;;0,10343;0,1391016;;;817;Quarter-hourly average price final;;;114.96;2025-12-03T08:00:00+01:00;;;103.43;103,43;;;
;;2025120309;;;;;;;0,0964;0,1183864;;;817;Quarter-hourly average price final;;;97.84;2025-12-03T09:00:00+01:00;;;96.4;96,4;;;
;;2025120310;;;;;;;0,0775;0,0958441;;;817;Quarter-hourly average price final;;;79.21;2025-12-03T10:00:00+01:00;;;77.5;77,5;;;
;;2025120311;;;;;;;0,05;0,0686796;;;817;Quarter-hourly average price final;;;56.76;2025-12-03T11:00:00+01:00;;;50;50,00;;;
;;2025120312;;;;;;;0,02554;0,0544137;;;817;Quarter-hourly average price final;;;44.97;2025-12-03T12:00:00+01:00;;;25.54;25,54;;;
;;2025120313;;;;;;;0,01657;0,0498157;;;817;Quarter-hourly average price final;;;41.17;2025-12-03T13:00:00+01:00;;;16.57;16,57;;;
;;2025120314;;;;;;;0,014;0,0469117;;;817;Quarter-hourly average price final;;;38.77;2025-12-03T14:00:00+01:00;;;14;14,00;;;
;;2025120315;;;;;;;0,01668;0,0628111;;;817;Quarter-hourly average price final;;;51.91;2025-12-03T15:00:00+01:00;;;16.68;16,68;;;
;;2025120316;;;;;;;0,04056;0,0963886;;;817;Quarter-hourly average price final;;;79.66;2025-12-03T16:00:00+01:00;;;40.56;40,56;;;
;;2025120317;;;;;;;0,07636;0,1225004;;;817;Quarter-hourly average price final;;;101.24;2025-12-03T17:00:00+01:00;;;76.36;76,36;;;
;;2025120318;;;;;;;0,09654;0,1375044;;;817;Quarter-hourly average price final;;;113.64;2025-12-03T18:00:00+01:00;;;96.54;96,54;;;
;;2025120319;;;;;;;0,09839;0,1412796;;;817;Quarter-hourly average price final;;;116.76;2025-12-03T19:00:00+01:00;;;98.39;98,39;;;
;;2025120320;;;;;;;0,09839;0,1410376;;;817;Quarter-hourly average price final;;;116.56;2025-12-03T20:00:00+01:00;;;98.39;98,39;;;
;;2025120321;;;;;;;0,0933;0,1280906;;;817;Quarter-hourly average price final;;;105.86;2025-12-03T21:00:00+01:00;;;93.3;93,3;;;
;;2025120322;;;;;;;0,09;0,1211815;;;817;Quarter-hourly average price final;;;100.15;2025-12-03T22:00:00+01:00;;;90;90,00;;;
;;2025120323;;;;;;;0,08484;0,1091783;;;817;Quarter-hourly average price final;;;90.23;2025-12-03T23:00:00+01:00;;;84.84;84,84;;;
;;2025120400;;;;;;;0,07;0,0935209;;;817;Quarter-hourly average price final;;;77.29;2025-12-04T00:00:00+01:00;;;70;70,00;;;
;;2025120401;;;;;;;0,064;0,086394;;;817;Quarter-hourly average price final;;;71.4;2025-12-04T01:00:00+01:00;;;64;64,00;;;
;;2025120402;;;;;;;0,0549;0,0780934;;;817;Quarter-hourly average price final;;;64.54;2025-12-04T02:00:00+01:00;;;54.9;54,9;;;
;;2025120403;;;;;;;0,05033;0,0733018;;;817;Quarter-hourly average price final;;;60.58;2025-12-04T03:00:00+01:00;;;50.33;50,33;;;
;;2025120404;;;;;;;0,03589;0,0665016;;;817;Quarter-hourly average price final;;;54.96;2025-12-04T04:00:00+01:00;;;35.89;35,89;;;
;;2025120405;;;;;;;0,0425;0,0759033;;;817;Quarter-hourly average price final;;;62.73;2025-12-04T05:00:00+01:00;;;42.5;42,5;;;
;;2025120406;;;;;;;0,0549;0,089782;;;817;Quarter-hourly average price final;;;74.2;2025-12-04T06:00:00+01:00;;;54.9;54,9;;;
;;2025120407;;;;;;;0,07;0,1090452;;;817;Quarter-hourly average price final;;;90.12;2025-12-04T07:00:00+01:00;;;70;70,00;;;
;;2025120408;;;;;;;0,08531;0,1187857;;;817;Quarter-hourly average price final;;;98.17;2025-12-04T08:00:00+01:00;;;85.31;85,31;;;
;;2025120409;;;;;;;0,084;0,1110175;;;817;Quarter-hourly average price final;;;91.75;2025-12-04T09:00:00+01:00;;;84;84,00;;;
;;2025120410;;;;;;;0,07308;0,0990385;;;817;Quarter-hourly average price final;;;81.85;2025-12-04T10:00:00+01:00;;;73.08;73,08;;;
;;2025120411;;;;;;;0,0652;0,0928312;;;817;Quarter-hourly average price final;;;76.72;2025-12-04T11:00:00+01:00;;;65.2;65,2;;;
;;2025120412;;;;;;;0,05237;0,085789;;;817;Quarter-hourly average price final;;;70.9;2025-12-04T12:00:00+01:00;;;52.37;52,37;;;
;;2025120413;;;;;;;0,05;0,0816629;;;817;Quarter-hourly average price final;;;67.49;2025-12-04T13:00:00+01:00;;;50;50,00;;;
;;2025120414;;;;;;;0,044;0,0798842;;;817;Quarter-hourly average price final;;;66.02;2025-12-04T14:00:00+01:00;;;44;44,00;;;
;;2025120415;;;;;;;0,05185;0,0868901;;;817;Quarter-hourly average price final;;;71.81;2025-12-04T15:00:00+01:00;;;51.85;51,85;;;
;;2025120416;;;;;;;0,0549;0,1009866;;;817;Quarter-hourly average price final;;;83.46;2025-12-04T16:00:00+01:00;;;54.9;54,9;;;
;;2025120417;;;;;;;0,0719;0,1157244;;;817;Quarter-hourly average price final;;;95.64;2025-12-04T17:00:00+01:00;;;71.9;71,9;;;
;;2025120418;;;;;;;0,08085;0,1221858;;;817;Quarter-hourly average price final;;;100.98;2025-12-04T18:00:00+01:00;;;80.85;80,85;;;
;;2025120419;;;;;;;0,0871;0,1295426;;;817;Quarter-hourly average price final;;;107.06;2025-12-04T19:00:00+01:00;;;87.1;87,1;;;
;;2025120420;;;;;;;0,09;0,1305348;;;817;Quarter-hourly average price final;;;107.88;2025-12-04T20:00:00+01:00;;;90;90,00;;;
;;2025120421;;;;;;;0,08604;0,1319142;;;817;Quarter-hourly average price final;;;109.02;2025-12-04T21:00:00+01:00;;;86.04;86,04;;;
;;2025120422;;;;;;;0,0839;0,1205644;;;817;Quarter-hourly average price final;;;99.64;2025-12-04T22:00:00+01:00;;;83.9;83,9;;;
;;2025120423;;;;;;;0,07308;0,0946946;;;817;Quarter-hourly average price final;;;78.26;2025-12-04T23:00:00+01:00;;;73.08;73,08;;;
;;2025120500;;;;;;;0,07608;0,1036486;;;817;Quarter-hourly average price final;;;85.66;2025-12-05T00:00:00+01:00;;;76.08;76,08;;;
;;2025120501;;;;;;;0,07;0,0883542;;;817;Quarter-hourly average price final;;;73.02;2025-12-05T01:00:00+01:00;;;70;70,00;;;
;;2025120502;;;;;;;0,0569;0,0842765;;;817;Quarter-hourly average price final;;;69.65;2025-12-05T02:00:00+01:00;;;56.9;56,9;;;
;;2025120503;;;;;;;0,05541;0,0841797;;;817;Quarter-hourly average price final;;;69.57;2025-12-05T03:00:00+01:00;;;55.41;55,41;;;
;;2025120504;;;;;;;0,0542;0,0840587;;;817;Quarter-hourly average price final;;;69.47;2025-12-05T04:00:00+01:00;;;54.2;54,2;;;
;;2025120505;;;;;;;0,0565;0,0880275;;;817;Quarter-hourly average price final;;;72.75;2025-12-05T05:00:00+01:00;;;56.5;56,5;;;
;;2025120506;;;;;;;0,06188;0,0999944;;;817;Quarter-hourly average price final;;;82.64;2025-12-05T06:00:00+01:00;;;61.88;61,88;;;
;;2025120507;;;;;;;0,07474;0,1117798;;;817;Quarter-hourly average price final;;;92.38;2025-12-05T07:00:00+01:00;;;74.74;74,74;;;
;;2025120508;;;;;;;0,08674;0,1254528;;;817;Quarter-hourly average price final;;;103.68;2025-12-05T08:00:00+01:00;;;86.74;86,74;;;
;;2025120509;;;;;;;0,08738;0,1214719;;;817;Quarter-hourly average price final;;;100.39;2025-12-05T09:00:00+01:00;;;87.38;87,38;;;
;;2025120510;;;;;;;0,08785;0,1142119;;;817;Quarter-hourly average price final;;;94.39;2025-12-05T10:00:00+01:00;;;87.85;87,85;;;
;;2025120511;;;;;;;0,07671;0,1062622;;;817;Quarter-hourly average price final;;;87.82;2025-12-05T11:00:00+01:00;;;76.71;76,71;;;
;;2025120512;;;;;;;0,07234;0,0953117;;;817;Quarter-hourly average price final;;;78.77;2025-12-05T12:00:00+01:00;;;72.34;72,34;;;
;;2025120513;;;;;;;0,05652;0,0858374;;;817;Quarter-hourly average price final;;;70.94;2025-12-05T13:00:00+01:00;;;56.52;56,52;;;
;;2025120514;;;;;;;0,0535;0,0840708;;;817;Quarter-hourly average price final;;;69.48;2025-12-05T14:00:00+01:00;;;53.5;53,5;;;
;;2025120515;;;;;;;0,06;0,0991958;;;817;Quarter-hourly average price final;;;81.98;2025-12-05T15:00:00+01:00;;;60;60,00;;;
;;2025120516;;;;;;;0,07234;0,1119008;;;817;Quarter-hourly average price final;;;92.48;2025-12-05T16:00:00+01:00;;;72.34;72,34;;;
;;2025120517;;;;;;;0,08131;0,1227787;;;817;Quarter-hourly average price final;;;101.47;2025-12-05T17:00:00+01:00;;;81.31;81,31;;;
;;2025120518;;;;;;;0,08643;0,1269653;;;817;Quarter-hourly average price final;;;104.93;2025-12-05T18:00:00+01:00;;;86.43;86,43;;;
;;2025120519;;;;;;;0,08238;0,1210847;;;817;Quarter-hourly average price final;;;100.07;2025-12-05T19:00:00+01:00;;;82.38;82,38;;;
;;2025120520;;;;;;;0,08131;0,1158454;;;817;Quarter-hourly average price final;;;95.74;2025-12-05T20:00:00+01:00;;;81.31;81,31;;;
;;2025120521;;;;;;;0,07776;0,104423;;;817;Quarter-hourly average price final;;;86.3;2025-12-05T21:00:00+01:00;;;77.76;77,76;;;
;;2025120522;;;;;;;0,07043;0,0966306;;;817;Quarter-hourly average price final;;;79.86;2025-12-05T22:00:00+01:00;;;70.43;70,43;;;
;;2025120523;;;;;;;0,0616;0,0814572;;;817;Quarter-hourly average price final;;;67.32;2025-12-05T23:00:00+01:00;;;61.6;61,6;;;
;;2025120600;;;;;;;0,04859;0,0638154;;;817;Quarter-hourly average price final;;;52.74;2025-12-06T00:00:00+01:00;;;48.59;48,59;;;
;;2025120601;;;;;;;0,02307;0,0540265;;;817;Quarter-hourly average price final;;;44.65;2025-12-06T01:00:00+01:00;;;23. Jul;23,07;;;
;;2025120602;;;;;;;0,02503;0,0516549;;;817;Quarter-hourly average price final;;;42.69;2025-12-06T02:00:00+01:00;;;25. Mrz;25,03;;;
;;2025120603;;;;;;;0,01657;0,0499609;;;817;Quarter-hourly average price final;;;41.29;2025-12-06T03:00:00+01:00;;;16.57;16,57;;;
;;2025120604;;;;;;;0,014;0,0428461;;;817;Quarter-hourly average price final;;;35.41;2025-12-06T04:00:00+01:00;;;14;14,00;;;
;;2025120605;;;;;;;0,0011;0,0437173;;;817;Quarter-hourly average price final;;;36.13;2025-12-06T05:00:00+01:00;;;Okt 94;1,10;;;
;;2025120606;;;;;;;0,01668;0,048763;;;817;Quarter-hourly average price final;;;40.3;2025-12-06T06:00:00+01:00;;;16.68;16,68;;;
;;2025120607;;;;;;;0,01836;0,0555995;;;817;Quarter-hourly average price final;;;45.95;2025-12-06T07:00:00+01:00;;;18.36;18,36;;;
;;2025120608;;;;;;;0,01995;0,0621335;;;817;Quarter-hourly average price final;;;51.35;2025-12-06T08:00:00+01:00;;;19.95;19,95;;;
;;2025120609;;;;;;;0,03501;0,0679173;;;817;Quarter-hourly average price final;;;56.13;2025-12-06T09:00:00+01:00;;;35.01;35,01;;;
;;2025120610;;;;;;;0,032;0,0606331;;;817;Quarter-hourly average price final;;;50.11;2025-12-06T10:00:00+01:00;;;32;32,00;;;
;;2025120611;;;;;;;0,02;0,0534215;;;817;Quarter-hourly average price final;;;44.15;2025-12-06T11:00:00+01:00;;;20;20,00;;;
;;2025120612;;;;;;;0,01955;0,0527802;;;817;Quarter-hourly average price final;;;43.62;2025-12-06T12:00:00+01:00;;;19.55;19,55;;;
;;2025120613;;;;;;;0,01664;0,0485452;;;817;Quarter-hourly average price final;;;40.12;2025-12-06T13:00:00+01:00;;;16.64;16,64;;;
;;2025120614;;;;;;;0,01396;0,0480854;;;817;Quarter-hourly average price final;;;39.74;2025-12-06T14:00:00+01:00;;;13.96;13,96;;;
;;2025120615;;;;;;;0,01395;0,0523325;;;817;Quarter-hourly average price final;;;43.25;2025-12-06T15:00:00+01:00;;;13.95;13,95;;;
;;2025120616;;;;;;;0,02077;0,066066;;;817;Quarter-hourly average price final;;;54.6;2025-12-06T16:00:00+01:00;;;20.77;20,77;;;
;;2025120617;;;;;;;0,04595;0,0853534;;;817;Quarter-hourly average price final;;;70.54;2025-12-06T17:00:00+01:00;;;45.95;45,95;;;
;;2025120618;;;;;;;0,0547;0,0897094;;;817;Quarter-hourly average price final;;;74.14;2025-12-06T18:00:00+01:00;;;54.7;54,7;;;
;;2025120619;;;;;;;0,06237;0,0959288;;;817;Quarter-hourly average price final;;;79.28;2025-12-06T19:00:00+01:00;;;62.37;62,37;;;
;;2025120620;;;;;;;0,06863;0,1026806;;;817;Quarter-hourly average price final;;;84.86;2025-12-06T20:00:00+01:00;;;68.63;68,63;;;
;;2025120621;;;;;;;0,07124;0,0997161;;;817;Quarter-hourly average price final;;;82.41;2025-12-06T21:00:00+01:00;;;71.24;71,24;;;
;;2025120622;;;;;;;0,07464;0,0952028;;;817;Quarter-hourly average price final;;;78.68;2025-12-06T22:00:00+01:00;;;74.64;74,64;;;
;;2025120623;;;;;;;0,05516;0,0787226;;;817;Quarter-hourly average price final;;;65.06;2025-12-06T23:00:00+01:00;;;55.16;55,16;;;
;;2025120700;;;;;;;0,04;0,0683166;;;817;Quarter-hourly average price final;;;56.46;2025-12-07T00:00:00+01:00;;;40;40,00;;;
;;2025120701;;;;;;;0,027;0,0579711;;;817;Quarter-hourly average price final;;;47.91;2025-12-07T01:00:00+01:00;;;27;27,00;;;
;;2025120702;;;;;;;0,025;0,0637186;;;817;Quarter-hourly average price final;;;52.66;2025-12-07T02:00:00+01:00;;;25;25,00;;;
;;2025120703;;;;;;;0,02101;0,0586729;;;817;Quarter-hourly average price final;;;48.49;2025-12-07T03:00:00+01:00;;;21. Jan;21,01;;;
;;2025120704;;;;;;;0,01483;0,0506022;;;817;Quarter-hourly average price final;;;41.82;2025-12-07T04:00:00+01:00;;;14.83;14,83;;;
;;2025120705;;;;;;;0,01369;0,051909;;;817;Quarter-hourly average price final;;;42.9;2025-12-07T05:00:00+01:00;;;13.69;13,69;;;
;;2025120706;;;;;;;0,01668;0,0531674;;;817;Quarter-hourly average price final;;;43.94;2025-12-07T06:00:00+01:00;;;16.68;16,68;;;
;;2025120707;;;;;;;0,01743;0,0529496;;;817;Quarter-hourly average price final;;;43.76;2025-12-07T07:00:00+01:00;;;17.43;17,43;;;
;;2025120708;;;;;;;0,02819;0,0634161;;;817;Quarter-hourly average price final;;;52.41;2025-12-07T08:00:00+01:00;;;28.19;28,19;;;
;;2025120709;;;;;;;0,02295;0,0551639;;;817;Quarter-hourly average price final;;;45.59;2025-12-07T09:00:00+01:00;;;22.95;22,95;;;
;;2025120710;;;;;;;0,01609;0,046343;;;817;Quarter-hourly average price final;;;38.3;2025-12-07T10:00:00+01:00;;;16. Sep;16,09;;;
;;2025120711;;;;;;;0,01;0,0424226;;;817;Quarter-hourly average price final;;;35.06;2025-12-07T11:00:00+01:00;;;10;10,00;;;
;;2025120712;;;;;;;0,001;0,0420233;;;817;Quarter-hourly average price final;;;34.73;2025-12-07T12:00:00+01:00;;;1;1,00;;;
;;2025120713;;;;;;;0,0005;0,0395428;;;817;Quarter-hourly average price final;;;32.68;2025-12-07T13:00:00+01:00;;;0.5;0,5;;;
;;2025120714;;;;;;;0,00066;0,0398211;;;817;Quarter-hourly average price final;;;32.91;2025-12-07T14:00:00+01:00;;;0.66;0,66;;;
;;2025120715;;;;;;;0,001;0,044891;;;817;Quarter-hourly average price final;;;37.1;2025-12-07T15:00:00+01:00;;;1;1,00;;;
;;2025120716;;;;;;;0,00104;0,0567853;;;817;Quarter-hourly average price final;;;46.93;2025-12-07T16:00:00+01:00;;;Apr 96;1,04;;;
;;2025120717;;;;;;;0,03105;0,0909436;;;817;Quarter-hourly average price final;;;75.16;2025-12-07T17:00:00+01:00;;;31. Mai;31,05;;;
;;2025120718;;;;;;;0,06922;0,1099769;;;817;Quarter-hourly average price final;;;90.89;2025-12-07T18:00:00+01:00;;;69.22;69,22;;;
;;2025120719;;;;;;;0,08095;0,121726;;;817;Quarter-hourly average price final;;;100.6;2025-12-07T19:00:00+01:00;;;80.95;80,95;;;
;;2025120720;;;;;;;0,0888;0,129712;;;817;Quarter-hourly average price final;;;107.2;2025-12-07T20:00:00+01:00;;;88.8;88,8;;;
;;2025120721;;;;;;;0,094;0,1272678;;;817;Quarter-hourly average price final;;;105.18;2025-12-07T21:00:00+01:00;;;94;94,00;;;
;;2025120722;;;;;;;0,08502;0,1134012;;;817;Quarter-hourly average price final;;;93.72;2025-12-07T22:00:00+01:00;;;85.02;85,02;;;
;;2025120723;;;;;;;0,0761;0,1045198;;;817;Quarter-hourly average price final;;;86.38;2025-12-07T23:00:00+01:00;;;76.1;76,1;;;
;;2025120800;;;;;;;0,07202;0,107932;;;817;Quarter-hourly average price final;;;89.2;2025-12-08T00:00:00+01:00;;;72.02;72,02;;;
;;2025120801;;;;;;;0,0705;0,1014101;;;817;Quarter-hourly average price final;;;83.81;2025-12-08T01:00:00+01:00;;;70.5;70,5;;;
;;2025120802;;;;;;;0,05553;0,0888624;;;817;Quarter-hourly average price final;;;73.44;2025-12-08T02:00:00+01:00;;;55.53;55,53;;;
;;2025120803;;;;;;;0,05;0,0877855;;;817;Quarter-hourly average price final;;;72.55;2025-12-08T03:00:00+01:00;;;50;50,00;;;
;;2025120804;;;;;;;0,04704;0,0880154;;;817;Quarter-hourly average price final;;;72.74;2025-12-08T04:00:00+01:00;;;47.04;47,04;;;
;;2025120805;;;;;;;0,05;0,0892133;;;817;Quarter-hourly average price final;;;73.73;2025-12-08T05:00:00+01:00;;;50;50,00;;;
;;2025120806;;;;;;;0,04903;0,0903749;;;817;Quarter-hourly average price final;;;74.69;2025-12-08T06:00:00+01:00;;;49.03;49,03;;;
;;2025120807;;;;;;;0,0627;0,1039995;;;817;Quarter-hourly average price final;;;85.95;2025-12-08T07:00:00+01:00;;;62.7;62,7;;;
;;2025120808;;;;;;;0,07008;0,1025233;;;817;Quarter-hourly average price final;;;84.73;2025-12-08T08:00:00+01:00;;;70.08;70,08;;;
;;2025120809;;;;;;;0,0685;0,0812031;;;817;Quarter-hourly average price final;;;67.11;2025-12-08T09:00:00+01:00;;;68.5;68,5;;;
;;2025120810;;;;;;;0,03575;0,0596409;;;817;Quarter-hourly average price final;;;49.29;2025-12-08T10:00:00+01:00;;;35.75;35,75;;;
;;2025120811;;;;;;;0,02498;0,0565554;;;817;Quarter-hourly average price final;;;46.74;2025-12-08T11:00:00+01:00;;;24.98;24,98;;;
;;2025120812;;;;;;;0,02301;0,0541596;;;817;Quarter-hourly average price final;;;44.76;2025-12-08T12:00:00+01:00;;;23. Jan;23,01;;;
;;2025120813;;;;;;;0,01646;0,0463914;;;817;Quarter-hourly average price final;;;38.34;2025-12-08T13:00:00+01:00;;;16.46;16,46;;;
;;2025120814;;;;;;;0,01329;0,0480007;;;817;Quarter-hourly average price final;;;39.67;2025-12-08T14:00:00+01:00;;;13.29;13,29;;;
;;2025120815;;;;;;;0,02;0,0570999;;;817;Quarter-hourly average price final;;;47.19;2025-12-08T15:00:00+01:00;;;20;20,00;;;
;;2025120816;;;;;;;0,02081;0,0707608;;;817;Quarter-hourly average price final;;;58.48;2025-12-08T16:00:00+01:00;;;20.81;20,81;;;
;;2025120817;;;;;;;0,0685;0,1083555;;;817;Quarter-hourly average price final;;;89.55;2025-12-08T17:00:00+01:00;;;68.5;68,5;;;
;;2025120818;;;;;;;0,07705;0,1094687;;;817;Quarter-hourly average price final;;;90.47;2025-12-08T18:00:00+01:00;;;77.05;77,05;;;
;;2025120819;;;;;;;0,09083;0,1208306;;;817;Quarter-hourly average price final;;;99.86;2025-12-08T19:00:00+01:00;;;90.83;90,83;;;
;;2025120820;;;;;;;0,09587;0,1265781;;;817;Quarter-hourly average price final;;;104.61;2025-12-08T20:00:00+01:00;;;95.87;95,87;;;
;;2025120821;;;;;;;0,10001;0,1218107;;;817;Quarter-hourly average price final;;;100.67;2025-12-08T21:00:00+01:00;;;100.01;100,01;;;
;;2025120822;;;;;;;0,0879;0,1050401;;;817;Quarter-hourly average price final;;;86.81;2025-12-08T22:00:00+01:00;;;87.9;87,9;;;
;;2025120823;;;;;;;0,0767;0,0980221;;;817;Quarter-hourly average price final;;;81.01;2025-12-08T23:00:00+01:00;;;76.7;76,7;;;
;;2025120900;;;;;;;0,06;0,0913913;;;817;Quarter-hourly average price final;;;75.53;2025-12-09T00:00:00+01:00;;;60;60,00;;;
;;2025120901;;;;;;;0,0503;0,0848694;;;817;Quarter-hourly average price final;;;70.14;2025-12-09T01:00:00+01:00;;;50.3;50,3;;;
;;2025120902;;;;;;;0,045;0,0829697;;;817;Quarter-hourly average price final;;;68.57;2025-12-09T02:00:00+01:00;;;45;45,00;;;
;;2025120903;;;;;;;0,04485;0,0810942;;;817;Quarter-hourly average price final;;;67.02;2025-12-09T03:00:00+01:00;;;44.85;44,85;;;
;;2025120904;;;;;;;0,0365;0,0780329;;;817;Quarter-hourly average price final;;;64.49;2025-12-09T04:00:00+01:00;;;36.5;36,5;;;
;;2025120905;;;;;;;0,038;0,0847484;;;817;Quarter-hourly average price final;;;70.04;2025-12-09T05:00:00+01:00;;;38;38,00;;;
;;2025120906;;;;;;;0,05035;0,0926134;;;817;Quarter-hourly average price final;;;76.54;2025-12-09T06:00:00+01:00;;;50.35;50,35;;;
;;2025120907;;;;;;;0,0697;0,1061654;;;817;Quarter-hourly average price final;;;87.74;2025-12-09T07:00:00+01:00;;;69.7;69,7;;;
;;2025120908;;;;;;;0,08917;0,1153735;;;817;Quarter-hourly average price final;;;95.35;2025-12-09T08:00:00+01:00;;;89.17;89,17;;;
;;2025120909;;;;;;;0,08339;0,0906532;;;817;Quarter-hourly average price final;;;74.92;2025-12-09T09:00:00+01:00;;;83.39;83,39;;;
;;2025120910;;;;;;;0,05257;0,0627506;;;817;Quarter-hourly average price final;;;51.86;2025-12-09T10:00:00+01:00;;;52.57;52,57;;;
;;2025120911;;;;;;;0,01679;0,0361548;;;817;Quarter-hourly average price final;;;29.88;2025-12-09T11:00:00+01:00;;;16.79;16,79;;;
;;2025120912;;;;;;;0,00111;0,0346544;;;817;Quarter-hourly average price final;;;28.64;2025-12-09T12:00:00+01:00;;;Nov 19;1,11;;;
;;2025120913;;;;;;;0,00111;0,0349327;;;817;Quarter-hourly average price final;;;28.87;2025-12-09T13:00:00+01:00;;;Nov 52;1,11;;;
;;2025120914;;;;;;;0,01009;0,039688;;;817;Quarter-hourly average price final;;;32.8;2025-12-09T14:00:00+01:00;;;10. Sep;10,09;;;
;;2025120915;;;;;;;0,02501;0,0642389;;;817;Quarter-hourly average price final;;;53.09;2025-12-09T15:00:00+01:00;;;25. Jan;25,01;;;
;;2025120916;;;;;;;0,05012;0,1004058;;;817;Quarter-hourly average price final;;;82.98;2025-12-09T16:00:00+01:00;;;50.12;50,12;;;
;;2025120917;;;;;;;0,07994;0,1276066;;;817;Quarter-hourly average price final;;;105.46;2025-12-09T17:00:00+01:00;;;79.94;79,94;;;
;;2025120918;;;;;;;0,1;0,1443046;;;817;Quarter-hourly average price final;;;119.26;2025-12-09T18:00:00+01:00;;;100;100,00;;;
;;2025120919;;;;;;;0,108;0,1588246;;;817;Quarter-hourly average price final;;;131.26;2025-12-09T19:00:00+01:00;;;108;108,00;;;
;;2025120920;;;;;;;0,12427;0,1676092;;;817;Quarter-hourly average price final;;;138.52;2025-12-09T20:00:00+01:00;;;124.27;124,27;;;
;;2025120921;;;;;;;0,145;0,1712392;;;817;Quarter-hourly average price final;;;141.52;2025-12-09T21:00:00+01:00;;;145;145,00;;;
;;2025120922;;;;;;;0,10694;0,1368026;;;817;Quarter-hourly average price final;;;113.06;2025-12-09T22:00:00+01:00;;;106.94;106,94;;;
;;2025120923;;;;;;;0,10255;0,1225488;;;817;Quarter-hourly average price final;;;101.28;2025-12-09T23:00:00+01:00;;;102.55;102,55;;;
;;2025121000;;;;;;;0,10001;0,1252108;;;817;Quarter-hourly average price final;;;103.48;2025-12-10T00:00:00+01:00;;;100.01;100,01;;;
;;2025121001;;;;;;;0,09;0,1150347;;;817;Quarter-hourly average price final;;;95.07;2025-12-10T01:00:00+01:00;;;90;90,00;;;
;;2025121002;;;;;;;0,08686;0,115313;;;817;Quarter-hourly average price final;;;95.3;2025-12-10T02:00:00+01:00;;;86.86;86,86;;;
;;2025121003;;;;;;;0,082;0,1123001;;;817;Quarter-hourly average price final;;;92.81;2025-12-10T03:00:00+01:00;;;82;82,00;;;
;;2025121004;;;;;;;0,08308;0,1153856;;;817;Quarter-hourly average price final;;;95.36;2025-12-10T04:00:00+01:00;;;83.08;83,08;;;
;;2025121005;;;;;;;0,085;0,1160148;;;817;Quarter-hourly average price final;;;95.88;2025-12-10T05:00:00+01:00;;;85;85,00;;;
;;2025121006;;;;;;;0,08982;0,1240613;;;817;Quarter-hourly average price final;;;102.53;2025-12-10T06:00:00+01:00;;;89.82;89,82;;;
;;2025121007;;;;;;;0,10108;0,1402148;;;817;Quarter-hourly average price final;;;115.88;2025-12-10T07:00:00+01:00;;;101.08;101,08;;;
;;2025121008;;;;;;;0,11035;0,1516977;;;817;Quarter-hourly average price final;;;125.37;2025-12-10T08:00:00+01:00;;;110.35;110,35;;;
;;2025121009;;;;;;;0,11214;0,1458897;;;817;Quarter-hourly average price final;;;120.57;2025-12-10T09:00:00+01:00;;;112.14;112,14;;;
;;2025121010;;;;;;;0,1085;0,137456;;;817;Quarter-hourly average price final;;;113.6;2025-12-10T10:00:00+01:00;;;108.5;108,5;;;
;;2025121011;;;;;;;0,10218;0,1333904;;;817;Quarter-hourly average price final;;;110.24;2025-12-10T11:00:00+01:00;;;102.18;102,18;;;
;;2025121012;;;;;;;0,0995;0,1304017;;;817;Quarter-hourly average price final;;;107.77;2025-12-10T12:00:00+01:00;;;99.5;99,5;;;
;;2025121013;;;;;;;0,09742;0,1294216;;;817;Quarter-hourly average price final;;;106.96;2025-12-10T13:00:00+01:00;;;97.42;97,42;;;
;;2025121014;;;;;;;0,097;0,1302202;;;817;Quarter-hourly average price final;;;107.62;2025-12-10T14:00:00+01:00;;;97;97,00;;;
;;2025121015;;;;;;;0,0995;0,135278;;;817;Quarter-hourly average price final;;;111.8;2025-12-10T15:00:00+01:00;;;99.5;99,5;;;
;;2025121016;;;;;;;0,10108;0,1491446;;;817;Quarter-hourly average price final;;;123.26;2025-12-10T16:00:00+01:00;;;101.08;101,08;;;
;;2025121017;;;;;;;0,11035;0,1623699;;;817;Quarter-hourly average price final;;;134.19;2025-12-10T17:00:00+01:00;;;110.35;110,35;;;
;;2025121018;;;;;;;0,11598;0,1651045;;;817;Quarter-hourly average price final;;;136.45;2025-12-10T18:00:00+01:00;;;115.98;115,98;;;
;;2025121019;;;;;;;0,11689;0,1669437;;;817;Quarter-hourly average price final;;;137.97;2025-12-10T19:00:00+01:00;;;116.89;116,89;;;
;;2025121020;;;;;;;0,12332;0,1716022;;;817;Quarter-hourly average price final;;;141.82;2025-12-10T20:00:00+01:00;;;123.32;123,32;;;
;;2025121021;;;;;;;0,12332;0,1645721;;;817;Quarter-hourly average price final;;;136.01;2025-12-10T21:00:00+01:00;;;123.32;123,32;;;
;;2025121022;;;;;;;0,11694;0,14883;;;817;Quarter-hourly average price final;;;123;2025-12-10T22:00:00+01:00;;;116.94;116,94;;;
;;2025121023;;;;;;;0,10272;0,1317327;;;817;Quarter-hourly average price final;;;108.87;2025-12-10T23:00:00+01:00;;;102.72;102,72;;;
;;2025121100;;;;;;;0,11274;0,1332331;;;817;Quarter-hourly average price final;;;110.11;2025-12-11T00:00:00+01:00;;;112.74;112,74;;;
;;2025121101;;;;;;;0,09938;0,1219317;;;817;Quarter-hourly average price final;;;100.77;2025-12-11T01:00:00+01:00;;;99.38;99,38;;;
;;2025121102;;;;;;;0,09629;0,1212541;;;817;Quarter-hourly average price final;;;100.21;2025-12-11T02:00:00+01:00;;;96.29;96,29;;;
;;2025121103;;;;;;;0,08345;0,1115741;;;817;Quarter-hourly average price final;;;92.21;2025-12-11T03:00:00+01:00;;;83.45;83,45;;;
;;2025121104;;;;;;;0,081;0,1093235;;;817;Quarter-hourly average price final;;;90.35;2025-12-11T04:00:00+01:00;;;81;81,00;;;
;;2025121105;;;;;;;0,081;0,1109933;;;817;Quarter-hourly average price final;;;91.73;2025-12-11T05:00:00+01:00;;;81;81,00;;;
;;2025121106;;;;;;;0,09;0,1242428;;;817;Quarter-hourly average price final;;;102.68;2025-12-11T06:00:00+01:00;;;90;90,00;;;
;;2025121107;;;;;;;0,1025;0,1499674;;;817;Quarter-hourly average price final;;;123.94;2025-12-11T07:00:00+01:00;;;102.5;102,5;;;
;;2025121108;;;;;;;0,1195;0,1602766;;;817;Quarter-hourly average price final;;;132.46;2025-12-11T08:00:00+01:00;;;119.5;119,5;;;
;;2025121109;;;;;;;0,11394;0,1467488;;;817;Quarter-hourly average price final;;;121.28;2025-12-11T09:00:00+01:00;;;113.94;113,94;;;
;;2025121110;;;;;;;0,0998;0,1176967;;;817;Quarter-hourly average price final;;;97.27;2025-12-11T10:00:00+01:00;;;99.8;99,8;;;
;;2025121111;;;;;;;0,08212;0,1094445;;;817;Quarter-hourly average price final;;;90.45;2025-12-11T11:00:00+01:00;;;82.12;82,12;;;
;;2025121112;;;;;;;0,079;0,1073875;;;817;Quarter-hourly average price final;;;88.75;2025-12-11T12:00:00+01:00;;;79;79,00;;;
;;2025121113;;;;;;;0,07511;0,106964;;;817;Quarter-hourly average price final;;;88.4;2025-12-11T13:00:00+01:00;;;75.11;75,11;;;
;;2025121114;;;;;;;0,075;0,1049675;;;817;Quarter-hourly average price final;;;86.75;2025-12-11T14:00:00+01:00;;;75;75,00;;;
;;2025121115;;;;;;;0,07524;0,1081982;;;817;Quarter-hourly average price final;;;89.42;2025-12-11T15:00:00+01:00;;;75.24;75,24;;;
;;2025121116;;;;;;;0,0774;0,1280664;;;817;Quarter-hourly average price final;;;105.84;2025-12-11T16:00:00+01:00;;;77.4;77,4;;;
;;2025121117;;;;;;;0,09938;0,1538878;;;817;Quarter-hourly average price final;;;127.18;2025-12-11T17:00:00+01:00;;;99.38;99,38;;;
;;2025121118;;;;;;;0,105;0,1511774;;;817;Quarter-hourly average price final;;;124.94;2025-12-11T18:00:00+01:00;;;105;105,00;;;
;;2025121119;;;;;;;0,11322;0,1578203;;;817;Quarter-hourly average price final;;;130.43;2025-12-11T19:00:00+01:00;;;113.22;113,22;;;
;;2025121120;;;;;;;0,12479;0,166133;;;817;Quarter-hourly average price final;;;137.3;2025-12-11T20:00:00+01:00;;;124.79;124,79;;;
;;2025121121;;;;;;;0,12294;0,1562352;;;817;Quarter-hourly average price final;;;129.12;2025-12-11T21:00:00+01:00;;;122.94;122,94;;;
;;2025121122;;;;;;;0,11274;0,1361129;;;817;Quarter-hourly average price final;;;112.49;2025-12-11T22:00:00+01:00;;;112.74;112,74;;;
;;2025121123;;;;;;;0,1;0,124993;;;817;Quarter-hourly average price final;;;103.3;2025-12-11T23:00:00+01:00;;;100;100,00;;;
;;2025121200;;;;;;;0,09901;0,1228513;;;817;Quarter-hourly average price final;;;101.53;2025-12-12T00:00:00+01:00;;;99.01;99,01;;;
;;2025121201;;;;;;;0,08421;0,1090694;;;817;Quarter-hourly average price final;;;90.14;2025-12-12T01:00:00+01:00;;;84.21;84,21;;;
;;2025121202;;;;;;;0,07914;0,1049796;;;817;Quarter-hourly average price final;;;86.76;2025-12-12T02:00:00+01:00;;;79.14;79,14;;;
;;2025121203;;;;;;;0,07524;0,1036123;;;817;Quarter-hourly average price final;;;85.63;2025-12-12T03:00:00+01:00;;;75.24;75,24;;;
;;2025121204;;;;;;;0,07524;0,103576;;;817;Quarter-hourly average price final;;;85.6;2025-12-12T04:00:00+01:00;;;75.24;75,24;;;
;;2025121205;;;;;;;0,0775;0,1116588;;;817;Quarter-hourly average price final;;;92.28;2025-12-12T05:00:00+01:00;;;77.5;77,5;;;
;;2025121206;;;;;;;0,08851;0,1242307;;;817;Quarter-hourly average price final;;;102.67;2025-12-12T06:00:00+01:00;;;88.51;88,51;;;
;;2025121207;;;;;;;0,09653;0,1416063;;;817;Quarter-hourly average price final;;;117.03;2025-12-12T07:00:00+01:00;;;96.53;96,53;;;
;;2025121208;;;;;;;0,11666;0,1641728;;;817;Quarter-hourly average price final;;;135.68;2025-12-12T08:00:00+01:00;;;116.66;116,66;;;
;;2025121209;;;;;;;0,12128;0,154759;;;817;Quarter-hourly average price final;;;127.9;2025-12-12T09:00:00+01:00;;;121.28;121,28;;;
;;2025121210;;;;;;;0,1085;0,1441836;;;817;Quarter-hourly average price final;;;119.16;2025-12-12T10:00:00+01:00;;;108.5;108,5;;;
;;2025121211;;;;;;;0,1085;0,1392105;;;817;Quarter-hourly average price final;;;115.05;2025-12-12T11:00:00+01:00;;;108.5;108,5;;;
;;2025121212;;;;;;;0,10126;0,1323377;;;817;Quarter-hourly average price final;;;109.37;2025-12-12T12:00:00+01:00;;;101.26;101,26;;;
;;2025121213;;;;;;;0,09901;0,1296878;;;817;Quarter-hourly average price final;;;107.18;2025-12-12T13:00:00+01:00;;;99.01;99,01;;;
;;2025121214;;;;;;;0,09804;0,1299056;;;817;Quarter-hourly average price final;;;107.36;2025-12-12T14:00:00+01:00;;;98.04;98,04;;;
;;2025121215;;;;;;;0,09137;0,1262756;;;817;Quarter-hourly average price final;;;104.36;2025-12-12T15:00:00+01:00;;;91.37;91,37;;;
;;2025121216;;;;;;;0,091;0,1335114;;;817;Quarter-hourly average price final;;;110.34;2025-12-12T16:00:00+01:00;;;91;91,00;;;
;;2025121217;;;;;;;0,09987;0,1440868;;;817;Quarter-hourly average price final;;;119.08;2025-12-12T17:00:00+01:00;;;99.87;99,87;;;
;;2025121218;;;;;;;0,1097;0,1516614;;;817;Quarter-hourly average price final;;;125.34;2025-12-12T18:00:00+01:00;;;109.7;109,7;;;
;;2025121219;;;;;;;0,11027;0,1480919;;;817;Quarter-hourly average price final;;;122.39;2025-12-12T19:00:00+01:00;;;110.27;110,27;;;
;;2025121220;;;;;;;0,1095;0,1470634;;;817;Quarter-hourly average price final;;;121.54;2025-12-12T20:00:00+01:00;;;109.5;109,5;;;
;;2025121221;;;;;;;0,1095;0,1409166;;;817;Quarter-hourly average price final;;;116.46;2025-12-12T21:00:00+01:00;;;109.5;109,5;;;
;;2025121222;;;;;;;0,1;0,1256585;;;817;Quarter-hourly average price final;;;103.85;2025-12-12T22:00:00+01:00;;;100;100,00;;;
;;2025121223;;;;;;;0,09653;0,1155792;;;817;Quarter-hourly average price final;;;95.52;2025-12-12T23:00:00+01:00;;;96.53;96,53;;;
;;2025121300;;;;;;;0,09803;0,1200562;;;817;Quarter-hourly average price final;;;99.22;2025-12-13T00:00:00+01:00;;;98.03;98,03;;;
;;2025121301;;;;;;;0,0875;0,1085249;;;817;Quarter-hourly average price final;;;89.69;2025-12-13T01:00:00+01:00;;;87.5;87,5;;;
;;2025121302;;;;;;;0,0752;0,1018941;;;817;Quarter-hourly average price final;;;84.21;2025-12-13T02:00:00+01:00;;;75.2;75,2;;;
;;2025121303;;;;;;;0,0701;0,0981552;;;817;Quarter-hourly average price final;;;81.12;2025-12-13T03:00:00+01:00;;;70.1;70,1;;;
;;2025121304;;;;;;;0,06827;0,0948519;;;817;Quarter-hourly average price final;;;78.39;2025-12-13T04:00:00+01:00;;;68.27;68,27;;;
;;2025121305;;;;;;;0,065;0,0981068;;;817;Quarter-hourly average price final;;;81.08;2025-12-13T05:00:00+01:00;;;65;65,00;;;
;;2025121306;;;;;;;0,06971;0,1009624;;;817;Quarter-hourly average price final;;;83.44;2025-12-13T06:00:00+01:00;;;69.71;69,71;;;
;;2025121307;;;;;;;0,07412;0,1087185;;;817;Quarter-hourly average price final;;;89.85;2025-12-13T07:00:00+01:00;;;74.12;74,12;;;
;;2025121308;;;;;;;0,08335;0,1181202;;;817;Quarter-hourly average price final;;;97.62;2025-12-13T08:00:00+01:00;;;83.35;83,35;;;
;;2025121309;;;;;;;0,08996;0,1163657;;;817;Quarter-hourly average price final;;;96.17;2025-12-13T09:00:00+01:00;;;89.96;89,96;;;
;;2025121310;;;;;;;0,07835;0,1039027;;;817;Quarter-hourly average price final;;;85.87;2025-12-13T10:00:00+01:00;;;78.35;78,35;;;
;;2025121311;;;;;;;0,06958;0,0974171;;;817;Quarter-hourly average price final;;;80.51;2025-12-13T11:00:00+01:00;;;69.58;69,58;;;
;;2025121312;;;;;;;0,06842;0,0944405;;;817;Quarter-hourly average price final;;;78.05;2025-12-13T12:00:00+01:00;;;68.42;68,42;;;
;;2025121313;;;;;;;0,06;0,0880033;;;817;Quarter-hourly average price final;;;72.73;2025-12-13T13:00:00+01:00;;;60;60,00;;;
;;2025121314;;;;;;;0,05751;0,0895884;;;817;Quarter-hourly average price final;;;74.04;2025-12-13T14:00:00+01:00;;;57.51;57,51;;;
;;2025121315;;;;;;;0,06;0,097284;;;817;Quarter-hourly average price final;;;80.4;2025-12-13T15:00:00+01:00;;;60;60,00;;;
;;2025121316;;;;;;;0,06932;0,110957;;;817;Quarter-hourly average price final;;;91.7;2025-12-13T16:00:00+01:00;;;69.32;69,32;;;
;;2025121317;;;;;;;0,08039;0,127655;;;817;Quarter-hourly average price final;;;105.5;2025-12-13T17:00:00+01:00;;;80.39;80,39;;;
;;2025121318;;;;;;;0,09694;0,1378795;;;817;Quarter-hourly average price final;;;113.95;2025-12-13T18:00:00+01:00;;;96.94;96,94;;;
;;2025121319;;;;;;;0,09646;0,1359919;;;817;Quarter-hourly average price final;;;112.39;2025-12-13T19:00:00+01:00;;;96.46;96,46;;;
;;2025121320;;;;;;;0,0975;0,1368147;;;817;Quarter-hourly average price final;;;113.07;2025-12-13T20:00:00+01:00;;;97.5;97,5;;;
;;2025121321;;;;;;;0,09987;0,1285625;;;817;Quarter-hourly average price final;;;106.25;2025-12-13T21:00:00+01:00;;;99.87;99,87;;;
;;2025121322;;;;;;;0,1;0,1248841;;;817;Quarter-hourly average price final;;;103.21;2025-12-13T22:00:00+01:00;;;100;100,00;;;
;;2025121323;;;;;;;0,097;0,1126026;;;817;Quarter-hourly average price final;;;93.06;2025-12-13T23:00:00+01:00;;;97;97,00;;;
;;2025121400;;;;;;;0,0975;0,117128;;;817;Quarter-hourly average price final;;;96.8;2025-12-14T00:00:00+01:00;;;97.5;97,5;;;
;;2025121401;;;;;;;0,08167;0,1069156;;;817;Quarter-hourly average price final;;;88.36;2025-12-14T01:00:00+01:00;;;81.67;81,67;;;
;;2025121402;;;;;;;0,07116;0,1032856;;;817;Quarter-hourly average price final;;;85.36;2025-12-14T02:00:00+01:00;;;71.16;71,16;;;
;;2025121403;;;;;;;0,07051;0,1021361;;;817;Quarter-hourly average price final;;;84.41;2025-12-14T03:00:00+01:00;;;70.51;70,51;;;
;;2025121404;;;;;;;0,06507;0,0997645;;;817;Quarter-hourly average price final;;;82.45;2025-12-14T04:00:00+01:00;;;65.07;65,07;;;
;;2025121405;;;;;;;0,06357;0,0981431;;;817;Quarter-hourly average price final;;;81.11;2025-12-14T05:00:00+01:00;;;63.57;63,57;;;
;;2025121406;;;;;;;0,07043;0,1020393;;;817;Quarter-hourly average price final;;;84.33;2025-12-14T06:00:00+01:00;;;70.43;70,43;;;
;;2025121407;;;;;;;0,07071;0,1065889;;;817;Quarter-hourly average price final;;;88.09;2025-12-14T07:00:00+01:00;;;70.71;70,71;;;
;;2025121408;;;;;;;0,07412;0,1159059;;;817;Quarter-hourly average price final;;;95.79;2025-12-14T08:00:00+01:00;;;74.12;74,12;;;
;;2025121409;;;;;;;0,07651;0,1129051;;;817;Quarter-hourly average price final;;;93.31;2025-12-14T09:00:00+01:00;;;76.51;76,51;;;
;;2025121410;;;;;;;0,0752;0,100188;;;817;Quarter-hourly average price final;;;82.8;2025-12-14T10:00:00+01:00;;;75.2;75,2;;;
;;2025121411;;;;;;;0,06846;0,0921899;;;817;Quarter-hourly average price final;;;76.19;2025-12-14T11:00:00+01:00;;;68.46;68,46;;;
;;2025121412;;;;;;;0,06368;0,0930853;;;817;Quarter-hourly average price final;;;76.93;2025-12-14T12:00:00+01:00;;;63.68;63,68;;;
;;2025121413;;;;;;;0,06065;0,089661;;;817;Quarter-hourly average price final;;;74.1;2025-12-14T13:00:00+01:00;;;60.65;60,65;;;
;;2025121414;;;;;;;0,05777;0,0887172;;;817;Quarter-hourly average price final;;;73.32;2025-12-14T14:00:00+01:00;;;57.77;57,77;;;
;;2025121415;;;;;;;0,05707;0,0956021;;;817;Quarter-hourly average price final;;;79.01;2025-12-14T15:00:00+01:00;;;57.07;57,07;;;
;;2025121416;;;;;;;0,06895;0,1070245;;;817;Quarter-hourly average price final;;;88.45;2025-12-14T16:00:00+01:00;;;68.95;68,95;;;
;;2025121417;;;;;;;0,08236;0,1272315;;;817;Quarter-hourly average price final;;;105.15;2025-12-14T17:00:00+01:00;;;82.36;82,36;;;
;;2025121418;;;;;;;0,10332;0,139392;;;817;Quarter-hourly average price final;;;115.2;2025-12-14T18:00:00+01:00;;;103.32;103,32;;;
;;2025121419;;;;;;;0,105;0,1425622;;;817;Quarter-hourly average price final;;;117.82;2025-12-14T19:00:00+01:00;;;105;105,00;;;
;;2025121420;;;;;;;0,10674;0,1426106;;;817;Quarter-hourly average price final;;;117.86;2025-12-14T20:00:00+01:00;;;106.74;106,74;;;
;;2025121421;;;;;;;0,10698;0,1365848;;;817;Quarter-hourly average price final;;;112.88;2025-12-14T21:00:00+01:00;;;106.98;106,98;;;
;;2025121422;;;;;;;0,1055;0,1286109;;;817;Quarter-hourly average price final;;;106.29;2025-12-14T22:00:00+01:00;;;105.5;105,5;;;
;;2025121423;;;;;;;0,10001;0,1206491;;;817;Quarter-hourly average price final;;;99.71;2025-12-14T23:00:00+01:00;;;100.01;100,01;;;
;;2025121500;;;;;;;0,087;0,1142966;;;817;Quarter-hourly average price final;;;94.46;2025-12-15T00:00:00+01:00;;;87;87,00;;;
;;2025121501;;;;;;;0,0745;0,1035881;;;817;Quarter-hourly average price final;;;85.61;2025-12-15T01:00:00+01:00;;;74.5;74,5;;;
;;2025121502;;;;;;;0,07253;0,1058145;;;817;Quarter-hourly average price final;;;87.45;2025-12-15T02:00:00+01:00;;;72.53;72,53;;;
;;2025121503;;;;;;;0,07032;0,104665;;;817;Quarter-hourly average price final;;;86.5;2025-12-15T03:00:00+01:00;;;70.32;70,32;;;
;;2025121504;;;;;;;0,06501;0,1015311;;;817;Quarter-hourly average price final;;;83.91;2025-12-15T04:00:00+01:00;;;65.01;65,01;;;
;;2025121505;;;;;;;0,07032;0,1052821;;;817;Quarter-hourly average price final;;;87.01;2025-12-15T05:00:00+01:00;;;70.32;70,32;;;
;;2025121506;;;;;;;0,0745;0,1141514;;;817;Quarter-hourly average price final;;;94.34;2025-12-15T06:00:00+01:00;;;74.5;74,5;;;
;;2025121507;;;;;;;0,0869;0,1296878;;;817;Quarter-hourly average price final;;;107.18;2025-12-15T07:00:00+01:00;;;86.9;86,9;;;
;;2025121508;;;;;;;0,10598;0,1453815;;;817;Quarter-hourly average price final;;;120.15;2025-12-15T08:00:00+01:00;;;105.98;105,98;;;
;;2025121509;;;;;;;0,10574;0,1402511;;;817;Quarter-hourly average price final;;;115.91;2025-12-15T09:00:00+01:00;;;105.74;105,74;;;
;;2025121510;;;;;;;0,10201;0,12947;;;817;Quarter-hourly average price final;;;107;2025-12-15T10:00:00+01:00;;;102.01;102,01;;;
;;2025121511;;;;;;;0,0948;0,1197416;;;817;Quarter-hourly average price final;;;98.96;2025-12-15T11:00:00+01:00;;;94.8;94,8;;;
;;2025121512;;;;;;;0,08547;0,1146959;;;817;Quarter-hourly average price final;;;94.79;2025-12-15T12:00:00+01:00;;;85.47;85,47;;;
;;2025121513;;;;;;;0,08535;0,115313;;;817;Quarter-hourly average price final;;;95.3;2025-12-15T13:00:00+01:00;;;85.35;85,35;;;
;;2025121514;;;;;;;0,08573;0,1216897;;;817;Quarter-hourly average price final;;;100.57;2025-12-15T14:00:00+01:00;;;85.73;85,73;;;
;;2025121515;;;;;;;0,0958;0,1335477;;;817;Quarter-hourly average price final;;;110.37;2025-12-15T15:00:00+01:00;;;95.8;95,8;;;
;;2025121516;;;;;;;0,0976;0,1405052;;;817;Quarter-hourly average price final;;;116.12;2025-12-15T16:00:00+01:00;;;97.6;97,6;;;
;;2025121517;;;;;;;0,1015;0,1426711;;;817;Quarter-hourly average price final;;;117.91;2025-12-15T17:00:00+01:00;;;101.5;101,5;;;
;;2025121518;;;;;;;0,1;0,1452;;;817;Quarter-hourly average price final;;;120;2025-12-15T18:00:00+01:00;;;100;100,00;;;
;;2025121519;;;;;;;0,10355;0,149435;;;817;Quarter-hourly average price final;;;123.5;2025-12-15T19:00:00+01:00;;;103.55;103,55;;;
;;2025121520;;;;;;;0,11;0,1610147;;;817;Quarter-hourly average price final;;;133.07;2025-12-15T20:00:00+01:00;;;110;110,00;;;
;;2025121521;;;;;;;0,11833;0,1537063;;;817;Quarter-hourly average price final;;;127.03;2025-12-15T21:00:00+01:00;;;118.33;118,33;;;
;;2025121522;;;;;;;0,12206;0,1455509;;;817;Quarter-hourly average price final;;;120.29;2025-12-15T22:00:00+01:00;;;122.06;122,06;;;
;;2025121523;;;;;;;0,10535;0,1318053;;;817;Quarter-hourly average price final;;;108.93;2025-12-15T23:00:00+01:00;;;105.35;105,35;;;
;;2025121600;;;;;;;0,10001;0,1243033;;;817;Quarter-hourly average price final;;;102.73;2025-12-16T00:00:00+01:00;;;100.01;100,01;;;
;;2025121601;;;;;;;0,092;0,1144418;;;817;Quarter-hourly average price final;;;94.58;2025-12-16T01:00:00+01:00;;;92;92,00;;;
;;2025121602;;;;;;;0,08437;0,1105456;;;817;Quarter-hourly average price final;;;91.36;2025-12-16T02:00:00+01:00;;;84.37;84,37;;;
;;2025121603;;;;;;;0,079;0,1070003;;;817;Quarter-hourly average price final;;;88.43;2025-12-16T03:00:00+01:00;;;79;79,00;;;
;;2025121604;;;;;;;0,0745;0,1050885;;;817;Quarter-hourly average price final;;;86.85;2025-12-16T04:00:00+01:00;;;74.5;74,5;;;
;;2025121605;;;;;;;0,0751;0,1067704;;;817;Quarter-hourly average price final;;;88.24;2025-12-16T05:00:00+01:00;;;75.1;75,1;;;
;;2025121606;;;;;;;0,08236;0,1167045;;;817;Quarter-hourly average price final;;;96.45;2025-12-16T06:00:00+01:00;;;82.36;82,36;;;
;;2025121607;;;;;;;0,08839;0,1238072;;;817;Quarter-hourly average price final;;;102.32;2025-12-16T07:00:00+01:00;;;88.39;88,39;;;
;;2025121608;;;;;;;0,09733;0,1345036;;;817;Quarter-hourly average price final;;;111.16;2025-12-16T08:00:00+01:00;;;97.33;97,33;;;
;;2025121609;;;;;;;0,1051;0,134794;;;817;Quarter-hourly average price final;;;111.4;2025-12-16T09:00:00+01:00;;;105.1;105,1;;;
;;2025121610;;;;;;;0,10069;0,1264692;;;817;Quarter-hourly average price final;;;104.52;2025-12-16T10:00:00+01:00;;;100.69;100,69;;;
;;2025121611;;;;;;;0,09158;0,118338;;;817;Quarter-hourly average price final;;;97.8;2025-12-16T11:00:00+01:00;;;91.58;91,58;;;
;;2025121612;;;;;;;0,08908;0,1182291;;;817;Quarter-hourly average price final;;;97.71;2025-12-16T12:00:00+01:00;;;89.08;89,08;;;
;;2025121613;;;;;;;0,08573;0,1133407;;;817;Quarter-hourly average price final;;;93.67;2025-12-16T13:00:00+01:00;;;85.73;85,73;;;
;;2025121614;;;;;;;0,08535;0,1155792;;;817;Quarter-hourly average price final;;;95.52;2025-12-16T14:00:00+01:00;;;85.35;85,35;;;
;;2025121615;;;;;;;0,08809;0,1261546;;;817;Quarter-hourly average price final;;;104.26;2025-12-16T15:00:00+01:00;;;88.09;88,09;;;
;;2025121616;;;;;;;0,09067;0,1317085;;;817;Quarter-hourly average price final;;;108.85;2025-12-16T16:00:00+01:00;;;90.67;90,67;;;
;;2025121617;;;;;;;0,0975;0,1446313;;;817;Quarter-hourly average price final;;;119.53;2025-12-16T17:00:00+01:00;;;97.5;97,5;;;
;;2025121618;;;;;;;0,10668;0,1614987;;;817;Quarter-hourly average price final;;;133.47;2025-12-16T18:00:00+01:00;;;106.68;106,68;;;
;;2025121619;;;;;;;0,13046;0,1756557;;;817;Quarter-hourly average price final;;;145.17;2025-12-16T19:00:00+01:00;;;130.46;130,46;;;
;;2025121620;;;;;;;0,12427;0,1581712;;;817;Quarter-hourly average price final;;;130.72;2025-12-16T20:00:00+01:00;;;124.27;124,27;;;
;;2025121621;;;;;;;0,10513;0,1402874;;;817;Quarter-hourly average price final;;;115.94;2025-12-16T21:00:00+01:00;;;105.13;105,13;;;
;;2025121622;;;;;;;0,099;0,1247873;;;817;Quarter-hourly average price final;;;103.13;2025-12-16T22:00:00+01:00;;;99;99,00;;;
;;2025121623;;;;;;;0,092;0,1115257;;;817;Quarter-hourly average price final;;;92.17;2025-12-16T23:00:00+01:00;;;92;92,00;;;
;;2025121700;;;;;;;0,08676;0,1118524;;;817;Quarter-hourly average price final;;;92.44;2025-12-17T00:00:00+01:00;;;86.76;86,76;;;
;;2025121701;;;;;;;0,085;0,1106545;;;817;Quarter-hourly average price final;;;91.45;2025-12-17T01:00:00+01:00;;;85;85,00;;;
;;2025121702;;;;;;;0,084;0,1102431;;;817;Quarter-hourly average price final;;;91.11;2025-12-17T02:00:00+01:00;;;84;84,00;;;
;;2025121703;;;;;;;0,07797;0,106964;;;817;Quarter-hourly average price final;;;88.4;2025-12-17T03:00:00+01:00;;;77.97;77,97;;;
;;2025121704;;;;;;;0,07612;0,1058387;;;817;Quarter-hourly average price final;;;87.47;2025-12-17T04:00:00+01:00;;;76.12;76,12;;;
;;2025121705;;;;;;;0,07732;0,1075932;;;817;Quarter-hourly average price final;;;88.92;2025-12-17T05:00:00+01:00;;;77.32;77,32;;;
;;2025121706;;;;;;;0,09375;0,1275461;;;817;Quarter-hourly average price final;;;105.41;2025-12-17T06:00:00+01:00;;;93.75;93,75;;;
;;2025121707;;;;;;;0,1051;0,1604823;;;817;Quarter-hourly average price final;;;132.63;2025-12-17T07:00:00+01:00;;;105.1;105,1;;;
;;2025121708;;;;;;;0,12423;0,1914825;;;817;Quarter-hourly average price final;;;158.25;2025-12-17T08:00:00+01:00;;;124.23;124,23;;;
;;2025121709;;;;;;;0,125;0,1662298;;;817;Quarter-hourly average price final;;;137.38;2025-12-17T09:00:00+01:00;;;125;125,00;;;
;;2025121710;;;;;;;0,10831;0,130801;;;817;Quarter-hourly average price final;;;108.1;2025-12-17T10:00:00+01:00;;;108.31;108,31;;;
;;2025121711;;;;;;;0,09603;0,1191487;;;817;Quarter-hourly average price final;;;98.47;2025-12-17T11:00:00+01:00;;;96.03;96,03;;;
;;2025121712;;;;;;;0,08937;0,1164504;;;817;Quarter-hourly average price final;;;96.24;2025-12-17T12:00:00+01:00;;;89.37;89,37;;;
;;2025121713;;;;;;;0,08651;0,1123606;;;817;Quarter-hourly average price final;;;92.86;2025-12-17T13:00:00+01:00;;;86.51;86,51;;;
;;2025121714;;;;;;;0,084;0,1144055;;;817;Quarter-hourly average price final;;;94.55;2025-12-17T14:00:00+01:00;;;84;84,00;;;
;;2025121715;;;;;;;0,088;0,124025;;;817;Quarter-hourly average price final;;;102.5;2025-12-17T15:00:00+01:00;;;88;88,00;;;
;;2025121716;;;;;;;0,09786;0,1477773;;;817;Quarter-hourly average price final;;;122.13;2025-12-17T16:00:00+01:00;;;97.86;97,86;;;
;;2025121717;;;;;;;0,1065;0,1608816;;;817;Quarter-hourly average price final;;;132.96;2025-12-17T17:00:00+01:00;;;106.5;106,5;;;
;;2025121718;;;;;;;0,11947;0,176297;;;817;Quarter-hourly average price final;;;145.7;2025-12-17T18:00:00+01:00;;;119.47;119,47;;;
;;2025121719;;;;;;;0,12145;0,1744699;;;817;Quarter-hourly average price final;;;144.19;2025-12-17T19:00:00+01:00;;;121.45;121,45;;;
;;2025121720;;;;;;;0,13841;0,1886995;;;817;Quarter-hourly average price final;;;155.95;2025-12-17T20:00:00+01:00;;;138.41;138,41;;;
;;2025121721;;;;;;;0,13391;0,1748329;;;817;Quarter-hourly average price final;;;144.49;2025-12-17T21:00:00+01:00;;;133.91;133,91;;;
;;2025121722;;;;;;;0,11394;0,1587157;;;817;Quarter-hourly average price final;;;131.17;2025-12-17T22:00:00+01:00;;;113.94;113,94;;;
;;2025121723;;;;;;;0,11322;0,1439053;;;817;Quarter-hourly average price final;;;118.93;2025-12-17T23:00:00+01:00;;;113.22;113,22;;;
;;2025121800;;;;;;;0,11346;0,1403237;;;817;Quarter-hourly average price final;;;115.97;2025-12-18T00:00:00+01:00;;;113.46;113,46;;;
;;2025121801;;;;;;;0,10456;0,1290465;;;817;Quarter-hourly average price final;;;106.65;2025-12-18T01:00:00+01:00;;;104.56;104,56;;;
;;2025121802;;;;;;;0,1;0,1301597;;;817;Quarter-hourly average price final;;;107.57;2025-12-18T02:00:00+01:00;;;100;100,00;;;
;;2025121803;;;;;;;0,09001;0,1211815;;;817;Quarter-hourly average price final;;;100.15;2025-12-18T03:00:00+01:00;;;90.01;90,01;;;
;;2025121804;;;;;;;0,08578;0,1167771;;;817;Quarter-hourly average price final;;;96.51;2025-12-18T04:00:00+01:00;;;85.78;85,78;;;
;;2025121805;;;;;;;0,08162;0,1186284;;;817;Quarter-hourly average price final;;;98.04;2025-12-18T05:00:00+01:00;;;81.62;81,62;;;
;;2025121806;;;;;;;0,0889;0,126808;;;817;Quarter-hourly average price final;;;104.8;2025-12-18T06:00:00+01:00;;;88.9;88,9;;;
;;2025121807;;;;;;;0,09133;0,1317811;;;817;Quarter-hourly average price final;;;108.91;2025-12-18T07:00:00+01:00;;;91.33;91,33;;;
;;2025121808;;;;;;;0,10468;0,1418483;;;817;Quarter-hourly average price final;;;117.23;2025-12-18T08:00:00+01:00;;;104.68;104,68;;;
;;2025121809;;;;;;;0,1031;0,128744;;;817;Quarter-hourly average price final;;;106.4;2025-12-18T09:00:00+01:00;;;103.1;103,1;;;
;;2025121810;;;;;;;0,085;0,1057419;;;817;Quarter-hourly average price final;;;87.39;2025-12-18T10:00:00+01:00;;;85;85,00;;;
;;2025121811;;;;;;;0,06088;0,0711964;;;817;Quarter-hourly average price final;;;58.84;2025-12-18T11:00:00+01:00;;;60.88;60,88;;;
;;2025121812;;;;;;;0,04725;0,065219;;;817;Quarter-hourly average price final;;;53.9;2025-12-18T12:00:00+01:00;;;47.25;47,25;;;
;;2025121813;;;;;;;0,0342;0,0560714;;;817;Quarter-hourly average price final;;;46.34;2025-12-18T13:00:00+01:00;;;34.2;34,2;;;
;;2025121814;;;;;;;0,03;0,0580679;;;817;Quarter-hourly average price final;;;47.99;2025-12-18T14:00:00+01:00;;;30;30,00;;;
;;2025121815;;;;;;;0,04953;0,0909194;;;817;Quarter-hourly average price final;;;75.14;2025-12-18T15:00:00+01:00;;;49.53;49,53;;;
;;2025121816;;;;;;;0,0671;0,1137763;;;817;Quarter-hourly average price final;;;94.03;2025-12-18T16:00:00+01:00;;;67.1;67,1;;;
;;2025121817;;;;;;;0,0864;0,1357136;;;817;Quarter-hourly average price final;;;112.16;2025-12-18T17:00:00+01:00;;;86.4;86,4;;;
;;2025121818;;;;;;;0,0986;0,1426832;;;817;Quarter-hourly average price final;;;117.92;2025-12-18T18:00:00+01:00;;;98.6;98,6;;;
;;2025121819;;;;;;;0,10504;0,1496044;;;817;Quarter-hourly average price final;;;123.64;2025-12-18T19:00:00+01:00;;;105.04;105,04;;;
;;2025121820;;;;;;;0,11043;0,1521212;;;817;Quarter-hourly average price final;;;125.72;2025-12-18T20:00:00+01:00;;;110.43;110,43;;;
;;2025121821;;;;;;;0,1125;0,1489994;;;817;Quarter-hourly average price final;;;123.14;2025-12-18T21:00:00+01:00;;;112.5;112,5;;;
;;2025121822;;;;;;;0,10333;0,1311519;;;817;Quarter-hourly average price final;;;108.39;2025-12-18T22:00:00+01:00;;;103.33;103,33;;;
;;2025121823;;;;;;;0,0975;0,1204555;;;817;Quarter-hourly average price final;;;99.55;2025-12-18T23:00:00+01:00;;;97.5;97,5;;;
;;2025121900;;;;;;;0,09368;0,1174305;;;817;Quarter-hourly average price final;;;97.05;2025-12-19T00:00:00+01:00;;;93.68;93,68;;;
;;2025121901;;;;;;;0,08793;0,115555;;;817;Quarter-hourly average price final;;;95.5;2025-12-19T01:00:00+01:00;;;87.93;87,93;;;
;;2025121902;;;;;;;0,084;0,111925;;;817;Quarter-hourly average price final;;;92.5;2025-12-19T02:00:00+01:00;;;84;84,00;;;
;;2025121903;;;;;;;0,08061;0,1113805;;;817;Quarter-hourly average price final;;;92.05;2025-12-19T03:00:00+01:00;;;80.61;80,61;;;
;;2025121904;;;;;;;0,08142;0,1138852;;;817;Quarter-hourly average price final;;;94.12;2025-12-19T04:00:00+01:00;;;81.42;81,42;;;
;;2025121905;;;;;;;0,085;0,1203103;;;817;Quarter-hourly average price final;;;99.43;2025-12-19T05:00:00+01:00;;;85;85,00;;;
;;2025121906;;;;;;;0,09368;0,1319989;;;817;Quarter-hourly average price final;;;109.09;2025-12-19T06:00:00+01:00;;;93.68;93,68;;;
;;2025121907;;;;;;;0,1051;0,1474748;;;817;Quarter-hourly average price final;;;121.88;2025-12-19T07:00:00+01:00;;;105.1;105,1;;;
;;2025121908;;;;;;;0,11043;0,1546864;;;817;Quarter-hourly average price final;;;127.84;2025-12-19T08:00:00+01:00;;;110.43;110,43;;;
;;2025121909;;;;;;;0,11414;0,151008;;;817;Quarter-hourly average price final;;;124.8;2025-12-19T09:00:00+01:00;;;114.14;114,14;;;
;;2025121910;;;;;;;0,11043;0,1461075;;;817;Quarter-hourly average price final;;;120.75;2025-12-19T10:00:00+01:00;;;110.43;110,43;;;
;;2025121911;;;;;;;0,11043;0,1450306;;;817;Quarter-hourly average price final;;;119.86;2025-12-19T11:00:00+01:00;;;110.43;110,43;;;
;;2025121912;;;;;;;0,1051;0,1361613;;;817;Quarter-hourly average price final;;;112.53;2025-12-19T12:00:00+01:00;;;105.1;105,1;;;
;;2025121913;;;;;;;0,1022;0,1366816;;;817;Quarter-hourly average price final;;;112.96;2025-12-19T13:00:00+01:00;;;102.2;102,2;;;
;;2025121914;;;;;;;0,105;0,1405657;;;817;Quarter-hourly average price final;;;116.17;2025-12-19T14:00:00+01:00;;;105;105,00;;;
;;2025121915;;;;;;;0,10355;0,146652;;;817;Quarter-hourly average price final;;;121.2;2025-12-19T15:00:00+01:00;;;103.55;103,55;;;
;;2025121916;;;;;;;0,09791;0,1465915;;;817;Quarter-hourly average price final;;;121.15;2025-12-19T16:00:00+01:00;;;97.91;97,91;;;
;;2025121917;;;;;;;0,09922;0,1472691;;;817;Quarter-hourly average price final;;;121.71;2025-12-19T17:00:00+01:00;;;99.22;99,22;;;
;;2025121918;;;;;;;0,11043;0,1571185;;;817;Quarter-hourly average price final;;;129.85;2025-12-19T18:00:00+01:00;;;110.43;110,43;;;
;;2025121919;;;;;;;0,11574;0,1599015;;;817;Quarter-hourly average price final;;;132.15;2025-12-19T19:00:00+01:00;;;115.74;115,74;;;
;;2025121920;;;;;;;0,11694;0,1622731;;;817;Quarter-hourly average price final;;;134.11;2025-12-19T20:00:00+01:00;;;116.94;116,94;;;
;;2025121921;;;;;;;0,11694;0,1594659;;;817;Quarter-hourly average price final;;;131.79;2025-12-19T21:00:00+01:00;;;116.94;116,94;;;
;;2025121922;;;;;;;0,11808;0,1503546;;;817;Quarter-hourly average price final;;;124.26;2025-12-19T22:00:00+01:00;;;118.08;118,08;;;
;;2025121923;;;;;;;0,11043;0,1389201;;;817;Quarter-hourly average price final;;;114.81;2025-12-19T23:00:00+01:00;;;110.43;110,43;;;
;;2025122000;;;;;;;0,09662;0,1237225;;;817;Quarter-hourly average price final;;;102.25;2025-12-20T00:00:00+01:00;;;96.62;96,62;;;
;;2025122001;;;;;;;0,08753;0,1156881;;;817;Quarter-hourly average price final;;;95.61;2025-12-20T01:00:00+01:00;;;87.53;87,53;;;
;;2025122002;;;;;;;0,085;0,1109812;;;817;Quarter-hourly average price final;;;91.72;2025-12-20T02:00:00+01:00;;;85;85,00;;;
;;2025122003;;;;;;;0,0744;0,1023055;;;817;Quarter-hourly average price final;;;84.55;2025-12-20T03:00:00+01:00;;;74.4;74,4;;;
;;2025122004;;;;;;;0,06957;0,1025354;;;817;Quarter-hourly average price final;;;84.74;2025-12-20T04:00:00+01:00;;;69.57;69,57;;;
;;2025122005;;;;;;;0,069;0,1010592;;;817;Quarter-hourly average price final;;;83.52;2025-12-20T05:00:00+01:00;;;69;69,00;;;
;;2025122006;;;;;;;0,0706;0,1047981;;;817;Quarter-hourly average price final;;;86.61;2025-12-20T06:00:00+01:00;;;70.6;70,6;;;
;;2025122007;;;;;;;0,07416;0,1049796;;;817;Quarter-hourly average price final;;;86.76;2025-12-20T07:00:00+01:00;;;74.16;74,16;;;
;;2025122008;;;;;;;0,07812;0,1073754;;;817;Quarter-hourly average price final;;;88.74;2025-12-20T08:00:00+01:00;;;78.12;78,12;;;
;;2025122009;;;;;;;0,085;0,1103399;;;817;Quarter-hourly average price final;;;91.19;2025-12-20T09:00:00+01:00;;;85;85,00;;;
;;2025122010;;;;;;;0,0804;0,1038543;;;817;Quarter-hourly average price final;;;85.83;2025-12-20T10:00:00+01:00;;;80.4;80,4;;;
;;2025122011;;;;;;;0,07114;0,093291;;;817;Quarter-hourly average price final;;;77.1;2025-12-20T11:00:00+01:00;;;71.14;71,14;;;
;;2025122012;;;;;;;0,06341;0,0866481;;;817;Quarter-hourly average price final;;;71.61;2025-12-20T12:00:00+01:00;;;63.41;63,41;;;
;;2025122013;;;;;;;0,053;0,0775247;;;817;Quarter-hourly average price final;;;64.07;2025-12-20T13:00:00+01:00;;;53;53,00;;;
;;2025122014;;;;;;;0,053;0,0800657;;;817;Quarter-hourly average price final;;;66.17;2025-12-20T14:00:00+01:00;;;53;53,00;;;
;;2025122015;;;;;;;0,0513;0,0847121;;;817;Quarter-hourly average price final;;;70.01;2025-12-20T15:00:00+01:00;;;51.3;51,3;;;
;;2025122016;;;;;;;0,053;0,0951665;;;817;Quarter-hourly average price final;;;78.65;2025-12-20T16:00:00+01:00;;;53;53,00;;;
;;2025122017;;;;;;;0,069;0,1036002;;;817;Quarter-hourly average price final;;;85.62;2025-12-20T17:00:00+01:00;;;69;69,00;;;
;;2025122018;;;;;;;0,0733;0,1019304;;;817;Quarter-hourly average price final;;;84.24;2025-12-20T18:00:00+01:00;;;73.3;73,3;;;
;;2025122019;;;;;;;0,08123;0,106238;;;817;Quarter-hourly average price final;;;87.8;2025-12-20T19:00:00+01:00;;;81.23;81,23;;;
;;2025122020;;;;;;;0,075;0,1012891;;;817;Quarter-hourly average price final;;;83.71;2025-12-20T20:00:00+01:00;;;75;75,00;;;
;;2025122021;;;;;;;0,0735;0,089903;;;817;Quarter-hourly average price final;;;74.3;2025-12-20T21:00:00+01:00;;;73.5;73,5;;;
;;2025122022;;;;;;;0,0735;0,0934483;;;817;Quarter-hourly average price final;;;77.23;2025-12-20T22:00:00+01:00;;;73.5;73,5;;;
;;2025122023;;;;;;;0,07148;0,0866965;;;817;Quarter-hourly average price final;;;71.65;2025-12-20T23:00:00+01:00;;;71.48;71,48;;;
;;2025122100;;;;;;;0,05613;0,0763268;;;817;Quarter-hourly average price final;;;63.08;2025-12-21T00:00:00+01:00;;;56.13;56,13;;;
;;2025122101;;;;;;;0,06;0,0854018;;;817;Quarter-hourly average price final;;;70.58;2025-12-21T01:00:00+01:00;;;60;60,00;;;
;;2025122102;;;;;;;0,054;0,0818928;;;817;Quarter-hourly average price final;;;67.68;2025-12-21T02:00:00+01:00;;;54;54,00;;;
;;2025122103;;;;;;;0,05;0,0781055;;;817;Quarter-hourly average price final;;;64.55;2025-12-21T03:00:00+01:00;;;50;50,00;;;
;;2025122104;;;;;;;0,04448;0,0747901;;;817;Quarter-hourly average price final;;;61.81;2025-12-21T04:00:00+01:00;;;44.48;44,48;;;
;;2025122105;;;;;;;0,04092;0,075504;;;817;Quarter-hourly average price final;;;62.4;2025-12-21T05:00:00+01:00;;;40.92;40,92;;;
;;2025122106;;;;;;;0,04747;0,083127;;;817;Quarter-hourly average price final;;;68.7;2025-12-21T06:00:00+01:00;;;47.47;47,47;;;
;;2025122107;;;;;;;0,05133;0,0912945;;;817;Quarter-hourly average price final;;;75.45;2025-12-21T07:00:00+01:00;;;51.33;51,33;;;
;;2025122108;;;;;;;0,063;0,1012165;;;817;Quarter-hourly average price final;;;83.65;2025-12-21T08:00:00+01:00;;;63;63,00;;;
;;2025122109;;;;;;;0,065;0,0968242;;;817;Quarter-hourly average price final;;;80.02;2025-12-21T09:00:00+01:00;;;65;65,00;;;
;;2025122110;;;;;;;0,06422;0,0909073;;;817;Quarter-hourly average price final;;;75.13;2025-12-21T10:00:00+01:00;;;64.22;64,22;;;
;;2025122111;;;;;;;0,0625;0,0889713;;;817;Quarter-hourly average price final;;;73.53;2025-12-21T11:00:00+01:00;;;62.5;62,5;;;
;;2025122112;;;;;;;0,063;0,0927223;;;817;Quarter-hourly average price final;;;76.63;2025-12-21T12:00:00+01:00;;;63;63,00;;;
;;2025122113;;;;;;;0,06;0,0867933;;;817;Quarter-hourly average price final;;;71.73;2025-12-21T13:00:00+01:00;;;60;60,00;;;
;;2025122114;;;;;;;0,05355;0,0852808;;;817;Quarter-hourly average price final;;;70.48;2025-12-21T14:00:00+01:00;;;53.55;53,55;;;
;;2025122115;;;;;;;0,059;0,0912582;;;817;Quarter-hourly average price final;;;75.42;2025-12-21T15:00:00+01:00;;;59;59,00;;;
;;2025122116;;;;;;;0,05922;0,0943074;;;817;Quarter-hourly average price final;;;77.94;2025-12-21T16:00:00+01:00;;;59.22;59,22;;;
;;2025122117;;;;;;;0,06;0,0986876;;;817;Quarter-hourly average price final;;;81.56;2025-12-21T17:00:00+01:00;;;60;60,00;;;
;;2025122118;;;;;;;0,07433;0,1072181;;;817;Quarter-hourly average price final;;;88.61;2025-12-21T18:00:00+01:00;;;74.33;74,33;;;
;;2025122119;;;;;;;0,07962;0,1144539;;;817;Quarter-hourly average price final;;;94.59;2025-12-21T19:00:00+01:00;;;79.62;79,62;;;
;;2025122120;;;;;;;0,08428;0,1129656;;;817;Quarter-hourly average price final;;;93.36;2025-12-21T20:00:00+01:00;;;84.28;84,28;;;
;;2025122121;;;;;;;0,07682;0,1004542;;;817;Quarter-hourly average price final;;;83.02;2025-12-21T21:00:00+01:00;;;76.82;76,82;;;
;;2025122122;;;;;;;0,08043;0,0974776;;;817;Quarter-hourly average price final;;;80.56;2025-12-21T22:00:00+01:00;;;80.43;80,43;;;
;;2025122123;;;;;;;0,07718;0,090629;;;817;Quarter-hourly average price final;;;74.9;2025-12-21T23:00:00+01:00;;;77.18;77,18;;;
;;2025122200;;;;;;;0,06245;0,0858858;;;817;Quarter-hourly average price final;;;70.98;2025-12-22T00:00:00+01:00;;;62.45;62,45;;;
;;2025122201;;;;;;;0,05;0,0769681;;;817;Quarter-hourly average price final;;;63.61;2025-12-22T01:00:00+01:00;;;50;50,00;;;
;;2025122202;;;;;;;0,0444;0,0758428;;;817;Quarter-hourly average price final;;;62.68;2025-12-22T02:00:00+01:00;;;44.4;44,4;;;
;;2025122203;;;;;;;0,04035;0,0719224;;;817;Quarter-hourly average price final;;;59.44;2025-12-22T03:00:00+01:00;;;40.35;40,35;;;
;;2025122204;;;;;;;0,02535;0,0564102;;;817;Quarter-hourly average price final;;;46.62;2025-12-22T04:00:00+01:00;;;25.35;25,35;;;
;;2025122205;;;;;;;0,02749;0,0675906;;;817;Quarter-hourly average price final;;;55.86;2025-12-22T05:00:00+01:00;;;27.49;27,49;;;
;;2025122206;;;;;;;0,05;0,0904838;;;817;Quarter-hourly average price final;;;74.78;2025-12-22T06:00:00+01:00;;;50;50,00;;;
;;2025122207;;;;;;;0,06905;0,1088274;;;817;Quarter-hourly average price final;;;89.94;2025-12-22T07:00:00+01:00;;;69.05;69,05;;;
;;2025122208;;;;;;;0,08674;0,126566;;;817;Quarter-hourly average price final;;;104.6;2025-12-22T08:00:00+01:00;;;86.74;86,74;;;
;;2025122209;;;;;;;0,09282;0,126929;;;817;Quarter-hourly average price final;;;104.9;2025-12-22T09:00:00+01:00;;;92.82;92,82;;;
;;2025122210;;;;;;;0,09576;0,1143934;;;817;Quarter-hourly average price final;;;94.54;2025-12-22T10:00:00+01:00;;;95.76;95,76;;;
;;2025122211;;;;;;;0,07682;0,0994136;;;817;Quarter-hourly average price final;;;82.16;2025-12-22T11:00:00+01:00;;;76.82;76,82;;;
;;2025122212;;;;;;;0,06863;0,0923835;;;817;Quarter-hourly average price final;;;76.35;2025-12-22T12:00:00+01:00;;;68.63;68,63;;;
;;2025122213;;;;;;;0,06047;0,0854986;;;817;Quarter-hourly average price final;;;70.66;2025-12-22T13:00:00+01:00;;;60.47;60,47;;;
;;2025122214;;;;;;;0,0596;0,0855349;;;817;Quarter-hourly average price final;;;70.69;2025-12-22T14:00:00+01:00;;;59.6;59,6;;;
;;2025122215;;;;;;;0,0635;0,095711;;;817;Quarter-hourly average price final;;;79.1;2025-12-22T15:00:00+01:00;;;63.5;63,5;;;
;;2025122216;;;;;;;0,07458;0,1164746;;;817;Quarter-hourly average price final;;;96.26;2025-12-22T16:00:00+01:00;;;74.58;74,58;;;
;;2025122217;;;;;;;0,0877;0,1356289;;;817;Quarter-hourly average price final;;;112.09;2025-12-22T17:00:00+01:00;;;87.7;87,7;;;
;;2025122218;;;;;;;0,10018;0,1421508;;;817;Quarter-hourly average price final;;;117.48;2025-12-22T18:00:00+01:00;;;100.18;100,18;;;
;;2025122219;;;;;;;0,09906;0,1396703;;;817;Quarter-hourly average price final;;;115.43;2025-12-22T19:00:00+01:00;;;99.06;99,06;;;
;;2025122220;;;;;;;0,095;0,132737;;;817;Quarter-hourly average price final;;;109.7;2025-12-22T20:00:00+01:00;;;95;95,00;;;
;;2025122221;;;;;;;0,0875;0,1184348;;;817;Quarter-hourly average price final;;;97.88;2025-12-22T21:00:00+01:00;;;87.5;87,5;;;
;;2025122222;;;;;;;0,08722;0,1150468;;;817;Quarter-hourly average price final;;;95.08;2025-12-22T22:00:00+01:00;;;87.22;87,22;;;
;;2025122223;;;;;;;0,08576;0,1049433;;;817;Quarter-hourly average price final;;;86.73;2025-12-22T23:00:00+01:00;;;85.76;85,76;;;
;;2025122300;;;;;;;0,08;0,1002606;;;817;Quarter-hourly average price final;;;82.86;2025-12-23T00:00:00+01:00;;;80;80,00;;;
;;2025122301;;;;;;;0,065;0,0907984;;;817;Quarter-hourly average price final;;;75.04;2025-12-23T01:00:00+01:00;;;65;65,00;;;
;;2025122302;;;;;;;0,0624;0,0907137;;;817;Quarter-hourly average price final;;;74.97;2025-12-23T02:00:00+01:00;;;62.4;62,4;;;
;;2025122303;;;;;;;0,06016;0,0895884;;;817;Quarter-hourly average price final;;;74.04;2025-12-23T03:00:00+01:00;;;60.16;60,16;;;
;;2025122304;;;;;;;0,05777;0,0864545;;;817;Quarter-hourly average price final;;;71.45;2025-12-23T04:00:00+01:00;;;57.77;57,77;;;
;;2025122305;;;;;;;0,05962;0,0895521;;;817;Quarter-hourly average price final;;;74.01;2025-12-23T05:00:00+01:00;;;59.62;59,62;;;
;;2025122306;;;;;;;0,06399;0,1000307;;;817;Quarter-hourly average price final;;;82.67;2025-12-23T06:00:00+01:00;;;63.99;63,99;;;
;;2025122307;;;;;;;0,07409;0,1082829;;;817;Quarter-hourly average price final;;;89.49;2025-12-23T07:00:00+01:00;;;74.09;74,09;;;
;;2025122308;;;;;;;0,0826;0,1226577;;;817;Quarter-hourly average price final;;;101.37;2025-12-23T08:00:00+01:00;;;82.6;82,6;;;
;;2025122309;;;;;;;0,09255;0,1273283;;;817;Quarter-hourly average price final;;;105.23;2025-12-23T09:00:00+01:00;;;92.55;92,55;;;
;;2025122310;;;;;;;0,09002;0,1191971;;;817;Quarter-hourly average price final;;;98.51;2025-12-23T10:00:00+01:00;;;90.02;90,02;;;
;;2025122311;;;;;;;0,08741;0,109747;;;817;Quarter-hourly average price final;;;90.7;2025-12-23T11:00:00+01:00;;;87.41;87,41;;;
;;2025122312;;;;;;;0,08746;0,1101826;;;817;Quarter-hourly average price final;;;91.06;2025-12-23T12:00:00+01:00;;;87.46;87,46;;;
;;2025122313;;;;;;;0,08301;0,1096139;;;817;Quarter-hourly average price final;;;90.59;2025-12-23T13:00:00+01:00;;;83.01;83,01;;;
;;2025122314;;;;;;;0,07807;0,1086217;;;817;Quarter-hourly average price final;;;89.77;2025-12-23T14:00:00+01:00;;;78.07;78,07;;;
;;2025122315;;;;;;;0,08019;0,1174547;;;817;Quarter-hourly average price final;;;97.07;2025-12-23T15:00:00+01:00;;;80.19;80,19;;;
;;2025122316;;;;;;;0,08006;0,1187131;;;817;Quarter-hourly average price final;;;98.11;2025-12-23T16:00:00+01:00;;;80.06;80,06;;;
;;2025122317;;;;;;;0,08;0,1228755;;;817;Quarter-hourly average price final;;;101.55;2025-12-23T17:00:00+01:00;;;80;80,00;;;
;;2025122318;;;;;;;0,08742;0,1246784;;;817;Quarter-hourly average price final;;;103.04;2025-12-23T18:00:00+01:00;;;87.42;87,42;;;
;;2025122319;;;;;;;0,0871;0,1252713;;;817;Quarter-hourly average price final;;;103.53;2025-12-23T19:00:00+01:00;;;87.1;87,1;;;
;;2025122320;;;;;;;0,08985;0,128986;;;817;Quarter-hourly average price final;;;106.6;2025-12-23T20:00:00+01:00;;;89.85;89,85;;;
;;2025122321;;;;;;;0,09008;0,1228029;;;817;Quarter-hourly average price final;;;101.49;2025-12-23T21:00:00+01:00;;;90.08;90,08;;;
;;2025122322;;;;;;;0,08576;0,1189551;;;817;Quarter-hourly average price final;;;98.31;2025-12-23T22:00:00+01:00;;;85.76;85,76;;;
;;2025122323;;;;;;;0,07682;0,1000428;;;817;Quarter-hourly average price final;;;82.68;2025-12-23T23:00:00+01:00;;;76.82;76,82;;;
;;2025122400;;;;;;;0,0796;0,0983609;;;817;Quarter-hourly average price final;;;81.29;2025-12-24T00:00:00+01:00;;;79.6;79,6;;;
;;2025122401;;;;;;;0,057;0,0780087;;;817;Quarter-hourly average price final;;;64.47;2025-12-24T01:00:00+01:00;;;57;57,00;;;
;;2025122402;;;;;;;0,04035;0,0611413;;;817;Quarter-hourly average price final;;;50.53;2025-12-24T02:00:00+01:00;;;40.35;40,35;;;
;;2025122403;;;;;;;0,035;0,0641663;;;817;Quarter-hourly average price final;;;53.03;2025-12-24T03:00:00+01:00;;;35;35,00;;;
;;2025122404;;;;;;;0,02643;0,0596046;;;817;Quarter-hourly average price final;;;49.26;2025-12-24T04:00:00+01:00;;;26.43;26,43;;;
;;2025122405;;;;;;;0,02502;0,0576686;;;817;Quarter-hourly average price final;;;47.66;2025-12-24T05:00:00+01:00;;;25. Feb;25,02;;;
;;2025122406;;;;;;;0,02301;0,0555148;;;817;Quarter-hourly average price final;;;45.88;2025-12-24T06:00:00+01:00;;;23. Jan;23,01;;;
;;2025122407;;;;;;;0,02405;0,0681956;;;817;Quarter-hourly average price final;;;56.36;2025-12-24T07:00:00+01:00;;;24. Mai;24,05;;;
;;2025122408;;;;;;;0,0577;0,0889955;;;817;Quarter-hourly average price final;;;73.55;2025-12-24T08:00:00+01:00;;;57.7;57,7;;;
;;2025122409;;;;;;;0,06059;0,0817476;;;817;Quarter-hourly average price final;;;67.56;2025-12-24T09:00:00+01:00;;;60.59;60,59;;;
;;2025122410;;;;;;;0,057;0,0641542;;;817;Quarter-hourly average price final;;;53.02;2025-12-24T10:00:00+01:00;;;57;57,00;;;
;;2025122411;;;;;;;0,03077;0,046585;;;817;Quarter-hourly average price final;;;38.5;2025-12-24T11:00:00+01:00;;;30.77;30,77;;;
;;2025122412;;;;;;;0,01804;0,0386595;;;817;Quarter-hourly average price final;;;31.95;2025-12-24T12:00:00+01:00;;;18. Apr;18,04;;;
;;2025122413;;;;;;;0,01679;0,0369413;;;817;Quarter-hourly average price final;;;30.53;2025-12-24T13:00:00+01:00;;;16.79;16,79;;;
;;2025122414;;;;;;;0,01668;0,0371712;;;817;Quarter-hourly average price final;;;30.72;2025-12-24T14:00:00+01:00;;;16.68;16,68;;;
;;2025122415;;;;;;;0,02003;0,0470206;;;817;Quarter-hourly average price final;;;38.86;2025-12-24T15:00:00+01:00;;;20. Mrz;20,03;;;
;;2025122416;;;;;;;0,02643;0,061105;;;817;Quarter-hourly average price final;;;50.5;2025-12-24T16:00:00+01:00;;;26.43;26,43;;;
;;2025122417;;;;;;;0,0351;0,0813483;;;817;Quarter-hourly average price final;;;67.23;2025-12-24T17:00:00+01:00;;;35.1;35,1;;;
;;2025122418;;;;;;;0,06994;0,0971146;;;817;Quarter-hourly average price final;;;80.26;2025-12-24T18:00:00+01:00;;;69.94;69,94;;;
;;2025122419;;;;;;;0,07;0,0938718;;;817;Quarter-hourly average price final;;;77.58;2025-12-24T19:00:00+01:00;;;70;70,00;;;
;;2025122420;;;;;;;0,06863;0,0919358;;;817;Quarter-hourly average price final;;;75.98;2025-12-24T20:00:00+01:00;;;68.63;68,63;;;
;;2025122421;;;;;;;0,063;0,0855712;;;817;Quarter-hourly average price final;;;70.72;2025-12-24T21:00:00+01:00;;;63;63,00;;;
;;2025122422;;;;;;;0,04501;0,0695145;;;817;Quarter-hourly average price final;;;57.45;2025-12-24T22:00:00+01:00;;;45.01;45,01;;;
;;2025122423;;;;;;;0,04;0,0557084;;;817;Quarter-hourly average price final;;;46.04;2025-12-24T23:00:00+01:00;;;40;40,00;;;
;;2025122500;;;;;;;0,035;0,0665742;;;817;Quarter-hourly average price final;;;55.02;2025-12-25T00:00:00+01:00;;;35;35,00;;;
;;2025122501;;;;;;;0,0341;0,0644567;;;817;Quarter-hourly average price final;;;53.27;2025-12-25T01:00:00+01:00;;;34.1;34,1;;;
;;2025122502;;;;;;;0,03084;0,0580679;;;817;Quarter-hourly average price final;;;47.99;2025-12-25T02:00:00+01:00;;;30.84;30,84;;;
;;2025122503;;;;;;;0,01679;0,0522236;;;817;Quarter-hourly average price final;;;43.16;2025-12-25T03:00:00+01:00;;;16.79;16,79;;;
;;2025122504;;;;;;;0,01306;0,0471537;;;817;Quarter-hourly average price final;;;38.97;2025-12-25T04:00:00+01:00;;;13. Jun;13,06;;;
;;2025122505;;;;;;;0,01366;0,0537845;;;817;Quarter-hourly average price final;;;44.45;2025-12-25T05:00:00+01:00;;;13.66;13,66;;;
;;2025122506;;;;;;;0,01539;0,061952;;;817;Quarter-hourly average price final;;;51.2;2025-12-25T06:00:00+01:00;;;15.39;15,39;;;
;;2025122507;;;;;;;0,035;0,0791098;;;817;Quarter-hourly average price final;;;65.38;2025-12-25T07:00:00+01:00;;;35;35,00;;;
;;2025122508;;;;;;;0,039;0,0875556;;;817;Quarter-hourly average price final;;;72.36;2025-12-25T08:00:00+01:00;;;39;39,00;;;
;;2025122509;;;;;;;0,04388;0,079981;;;817;Quarter-hourly average price final;;;66.1;2025-12-25T09:00:00+01:00;;;43.88;43,88;;;
;;2025122510;;;;;;;0,0352;0,0627022;;;817;Quarter-hourly average price final;;;51.82;2025-12-25T10:00:00+01:00;;;35.2;35,2;;;
;;2025122511;;;;;;;0,027;0,0551397;;;817;Quarter-hourly average price final;;;45.57;2025-12-25T11:00:00+01:00;;;27;27,00;;;
;;2025122512;;;;;;;0,02677;0,0607178;;;817;Quarter-hourly average price final;;;50.18;2025-12-25T12:00:00+01:00;;;26.77;26,77;;;
;;2025122513;;;;;;;0,03088;0,061226;;;817;Quarter-hourly average price final;;;50.6;2025-12-25T13:00:00+01:00;;;30.88;30,88;;;
;;2025122514;;;;;;;0,01746;0,0557931;;;817;Quarter-hourly average price final;;;46.11;2025-12-25T14:00:00+01:00;;;17.46;17,46;;;
;;2025122515;;;;;;;0,03;0,0721039;;;817;Quarter-hourly average price final;;;59.59;2025-12-25T15:00:00+01:00;;;30;30,00;;;
;;2025122516;;;;;;;0,047;0,0979132;;;817;Quarter-hourly average price final;;;80.92;2025-12-25T16:00:00+01:00;;;47;47,00;;;
;;2025122517;;;;;;;0,076;0,1267717;;;817;Quarter-hourly average price final;;;104.77;2025-12-25T17:00:00+01:00;;;76;76,00;;;
;;2025122518;;;;;;;0,09353;0,1319505;;;817;Quarter-hourly average price final;;;109.05;2025-12-25T18:00:00+01:00;;;93.53;93,53;;;
;;2025122519;;;;;;;0,0916;0,1336566;;;817;Quarter-hourly average price final;;;110.46;2025-12-25T19:00:00+01:00;;;91.6;91,6;;;
;;2025122520;;;;;;;0,09565;0,1373713;;;817;Quarter-hourly average price final;;;113.53;2025-12-25T20:00:00+01:00;;;95.65;95,65;;;
;;2025122521;;;;;;;0,10011;0,1340922;;;817;Quarter-hourly average price final;;;110.82;2025-12-25T21:00:00+01:00;;;100.11;100,11;;;
;;2025122522;;;;;;;0,09476;0,1239282;;;817;Quarter-hourly average price final;;;102.42;2025-12-25T22:00:00+01:00;;;94.76;94,76;;;
;;2025122523;;;;;;;0,09253;0,1205402;;;817;Quarter-hourly average price final;;;99.62;2025-12-25T23:00:00+01:00;;;92.53;92,53;;;
;;2025122600;;;;;;;0,10645;0,1338744;;;817;Quarter-hourly average price final;;;110.64;2025-12-26T00:00:00+01:00;;;106.45;106,45;;;
;;2025122601;;;;;;;0,09566;0,1295668;;;817;Quarter-hourly average price final;;;107.08;2025-12-26T01:00:00+01:00;;;95.66;95,66;;;
;;2025122602;;;;;;;0,09074;0,1264692;;;817;Quarter-hourly average price final;;;104.52;2025-12-26T02:00:00+01:00;;;90.74;90,74;;;
;;2025122603;;;;;;;0,085;0,1252471;;;817;Quarter-hourly average price final;;;103.51;2025-12-26T03:00:00+01:00;;;85;85,00;;;
;;2025122604;;;;;;;0,0751;0,1202014;;;817;Quarter-hourly average price final;;;99.34;2025-12-26T04:00:00+01:00;;;75.1;75,1;;;
;;2025122605;;;;;;;0,06991;0,1205523;;;817;Quarter-hourly average price final;;;99.63;2025-12-26T05:00:00+01:00;;;69.91;69,91;;;
;;2025122606;;;;;;;0,07537;0,1274009;;;817;Quarter-hourly average price final;;;105.29;2025-12-26T06:00:00+01:00;;;75.37;75,37;;;
;;2025122607;;;;;;;0,08682;0,1304259;;;817;Quarter-hourly average price final;;;107.79;2025-12-26T07:00:00+01:00;;;86.82;86,82;;;
;;2025122608;;;;;;;0,09122;0,135883;;;817;Quarter-hourly average price final;;;112.3;2025-12-26T08:00:00+01:00;;;91.22;91,22;;;
;;2025122609;;;;;;;0,09973;0,1315028;;;817;Quarter-hourly average price final;;;108.68;2025-12-26T09:00:00+01:00;;;99.73;99,73;;;
;;2025122610;;;;;;;0,096;0,1180113;;;817;Quarter-hourly average price final;;;97.53;2025-12-26T10:00:00+01:00;;;96;96,00;;;
;;2025122611;;;;;;;0,089;0,1123606;;;817;Quarter-hourly average price final;;;92.86;2025-12-26T11:00:00+01:00;;;89;89,00;;;
;;2025122612;;;;;;;0,08311;0,1100979;;;817;Quarter-hourly average price final;;;90.99;2025-12-26T12:00:00+01:00;;;83.11;83,11;;;
;;2025122613;;;;;;;0,08;0,1077263;;;817;Quarter-hourly average price final;;;89.03;2025-12-26T13:00:00+01:00;;;80;80,00;;;
;;2025122614;;;;;;;0,075;0,1048949;;;817;Quarter-hourly average price final;;;86.69;2025-12-26T14:00:00+01:00;;;75;75,00;;;
;;2025122615;;;;;;;0,07388;0,1072665;;;817;Quarter-hourly average price final;;;88.65;2025-12-26T15:00:00+01:00;;;73.88;73,88;;;
;;2025122616;;;;;;;0,07895;0,1174547;;;817;Quarter-hourly average price final;;;97.07;2025-12-26T16:00:00+01:00;;;78.95;78,95;;;
;;2025122617;;;;;;;0,085;0,1346851;;;817;Quarter-hourly average price final;;;111.31;2025-12-26T17:00:00+01:00;;;85;85,00;;;
;;2025122618;;;;;;;0,09594;0,1400454;;;817;Quarter-hourly average price final;;;115.74;2025-12-26T18:00:00+01:00;;;95.94;95,94;;;
;;2025122619;;;;;;;0,1;0,1412917;;;817;Quarter-hourly average price final;;;116.77;2025-12-26T19:00:00+01:00;;;100;100,00;;;
;;2025122620;;;;;;;0,107;0,1528109;;;817;Quarter-hourly average price final;;;126.29;2025-12-26T20:00:00+01:00;;;107;107,00;;;
;;2025122621;;;;;;;0,11983;0,1498464;;;817;Quarter-hourly average price final;;;123.84;2025-12-26T21:00:00+01:00;;;119.83;119,83;;;
;;2025122622;;;;;;;0,10001;0,1395735;;;817;Quarter-hourly average price final;;;115.35;2025-12-26T22:00:00+01:00;;;100.01;100,01;;;
;;2025122623;;;;;;;0,09436;0,1229602;;;817;Quarter-hourly average price final;;;101.62;2025-12-26T23:00:00+01:00;;;94.36;94,36;;;
;;2025122700;;;;;;;0,10154;0,1299419;;;817;Quarter-hourly average price final;;;107.39;2025-12-27T00:00:00+01:00;;;101.54;101,54;;;
;;2025122701;;;;;;;0,09202;0,1273404;;;817;Quarter-hourly average price final;;;105.24;2025-12-27T01:00:00+01:00;;;92.02;92,02;;;
;;2025122702;;;;;;;0,08861;0,1203345;;;817;Quarter-hourly average price final;;;99.45;2025-12-27T02:00:00+01:00;;;88.61;88,61;;;
;;2025122703;;;;;;;0,07484;0,112772;;;817;Quarter-hourly average price final;;;93.2;2025-12-27T03:00:00+01:00;;;74.84;74,84;;;
;;2025122704;;;;;;;0,07002;0,1113926;;;817;Quarter-hourly average price final;;;92.06;2025-12-27T04:00:00+01:00;;;70.02;70,02;;;
;;2025122705;;;;;;;0,06914;0,111804;;;817;Quarter-hourly average price final;;;92.4;2025-12-27T05:00:00+01:00;;;69.14;69,14;;;
;;2025122706;;;;;;;0,06901;0,1101584;;;817;Quarter-hourly average price final;;;91.04;2025-12-27T06:00:00+01:00;;;69.01;69,01;;;
;;2025122707;;;;;;;0,07;0,1120581;;;817;Quarter-hourly average price final;;;92.61;2025-12-27T07:00:00+01:00;;;70;70,00;;;
;;2025122708;;;;;;;0,0843;0,1168739;;;817;Quarter-hourly average price final;;;96.59;2025-12-27T08:00:00+01:00;;;84.3;84,3;;;
;;2025122709;;;;;;;0,09741;0,1189551;;;817;Quarter-hourly average price final;;;98.31;2025-12-27T09:00:00+01:00;;;97.41;97,41;;;
;;2025122710;;;;;;;0,08499;0,1025959;;;817;Quarter-hourly average price final;;;84.79;2025-12-27T10:00:00+01:00;;;84.99;84,99;;;
;;2025122711;;;;;;;0,07;0,0945978;;;817;Quarter-hourly average price final;;;78.18;2025-12-27T11:00:00+01:00;;;70;70,00;;;
;;2025122712;;;;;;;0,06862;0,09559;;;817;Quarter-hourly average price final;;;79;2025-12-27T12:00:00+01:00;;;68.62;68,62;;;
;;2025122713;;;;;;;0,06901;0,095348;;;817;Quarter-hourly average price final;;;78.8;2025-12-27T13:00:00+01:00;;;69.01;69,01;;;
;;2025122714;;;;;;;0,06888;0,0948277;;;817;Quarter-hourly average price final;;;78.37;2025-12-27T14:00:00+01:00;;;68.88;68,88;;;
;;2025122715;;;;;;;0,06935;0,0967032;;;817;Quarter-hourly average price final;;;79.92;2025-12-27T15:00:00+01:00;;;69.35;69,35;;;
;;2025122716;;;;;;;0,07391;0,1100495;;;817;Quarter-hourly average price final;;;90.95;2025-12-27T16:00:00+01:00;;;73.91;73,91;;;
;;2025122717;;;;;;;0,08711;0,1213388;;;817;Quarter-hourly average price final;;;100.28;2025-12-27T17:00:00+01:00;;;87.11;87,11;;;
;;2025122718;;;;;;;0,09278;0,1314181;;;817;Quarter-hourly average price final;;;108.61;2025-12-27T18:00:00+01:00;;;92.78;92,78;;;
;;2025122719;;;;;;;0,095;0,1350118;;;817;Quarter-hourly average price final;;;111.58;2025-12-27T19:00:00+01:00;;;95;95,00;;;
;;2025122720;;;;;;;0,09196;0,1281148;;;817;Quarter-hourly average price final;;;105.88;2025-12-27T20:00:00+01:00;;;91.96;91,96;;;
;;2025122721;;;;;;;0,08804;0,1169828;;;817;Quarter-hourly average price final;;;96.68;2025-12-27T21:00:00+01:00;;;88.04;88,04;;;
;;2025122722;;;;;;;0,085;0,1128083;;;817;Quarter-hourly average price final;;;93.23;2025-12-27T22:00:00+01:00;;;85;85,00;;;
;;2025122723;;;;;;;0,08646;0,1043746;;;817;Quarter-hourly average price final;;;86.26;2025-12-27T23:00:00+01:00;;;86.46;86,46;;;
;;2025122800;;;;;;;0,07;0,0971146;;;817;Quarter-hourly average price final;;;80.26;2025-12-28T00:00:00+01:00;;;70;70,00;;;
;;2025122801;;;;;;;0,07;0,1008535;;;817;Quarter-hourly average price final;;;83.35;2025-12-28T01:00:00+01:00;;;70;70,00;;;
;;2025122802;;;;;;;0,05501;0,0917664;;;817;Quarter-hourly average price final;;;75.84;2025-12-28T02:00:00+01:00;;;55.01;55,01;;;
;;2025122803;;;;;;;0,05001;0,0882453;;;817;Quarter-hourly average price final;;;72.93;2025-12-28T03:00:00+01:00;;;50.01;50,01;;;
;;2025122804;;;;;;;0,04999;0,0888987;;;817;Quarter-hourly average price final;;;73.47;2025-12-28T04:00:00+01:00;;;49.99;49,99;;;
;;2025122805;;;;;;;0,052;0,0930006;;;817;Quarter-hourly average price final;;;76.86;2025-12-28T05:00:00+01:00;;;52;52,00;;;
;;2025122806;;;;;;;0,06012;0,1040116;;;817;Quarter-hourly average price final;;;85.96;2025-12-28T06:00:00+01:00;;;60.12;60,12;;;
;;2025122807;;;;;;;0,06914;0,1087427;;;817;Quarter-hourly average price final;;;89.87;2025-12-28T07:00:00+01:00;;;69.14;69,14;;;
;;2025122808;;;;;;;0,0747;0,121;;;817;Quarter-hourly average price final;;;100;2025-12-28T08:00:00+01:00;;;74.7;74,7;;;
;;2025122809;;;;;;;0,09;0,1222584;;;817;Quarter-hourly average price final;;;101.04;2025-12-28T09:00:00+01:00;;;90;90,00;;;
;;2025122810;;;;;;;0,08498;0,1122759;;;817;Quarter-hourly average price final;;;92.79;2025-12-28T10:00:00+01:00;;;84.98;84,98;;;
;;2025122811;;;;;;;0,07065;0,1025233;;;817;Quarter-hourly average price final;;;84.73;2025-12-28T11:00:00+01:00;;;70.65;70,65;;;
;;2025122812;;;;;;;0,07986;0,107448;;;817;Quarter-hourly average price final;;;88.8;2025-12-28T12:00:00+01:00;;;79.86;79,86;;;
;;2025122813;;;;;;;0,0766;0,1049433;;;817;Quarter-hourly average price final;;;86.73;2025-12-28T13:00:00+01:00;;;76.6;76,6;;;
;;2025122814;;;;;;;0,07467;0,1067946;;;817;Quarter-hourly average price final;;;88.26;2025-12-28T14:00:00+01:00;;;74.67;74,67;;;
;;2025122815;;;;;;;0,07874;0,1133649;;;817;Quarter-hourly average price final;;;93.69;2025-12-28T15:00:00+01:00;;;78.74;78,74;;;
;;2025122816;;;;;;;0,08169;0,1238919;;;817;Quarter-hourly average price final;;;102.39;2025-12-28T16:00:00+01:00;;;81.69;81,69;;;
;;2025122817;;;;;;;0,09593;0,1349513;;;817;Quarter-hourly average price final;;;111.53;2025-12-28T17:00:00+01:00;;;95.93;95,93;;;
;;2025122818;;;;;;;0,09846;0,1416789;;;817;Quarter-hourly average price final;;;117.09;2025-12-28T18:00:00+01:00;;;98.46;98,46;;;
;;2025122819;;;;;;;0,10368;0,1475595;;;817;Quarter-hourly average price final;;;121.95;2025-12-28T19:00:00+01:00;;;103.68;103,68;;;
;;2025122820;;;;;;;0,10844;0,147257;;;817;Quarter-hourly average price final;;;121.7;2025-12-28T20:00:00+01:00;;;108.44;108,44;;;
;;2025122821;;;;;;;0,10108;0,1365727;;;817;Quarter-hourly average price final;;;112.87;2025-12-28T21:00:00+01:00;;;101.08;101,08;;;
;;2025122822;;;;;;;0,10001;0,1302081;;;817;Quarter-hourly average price final;;;107.61;2025-12-28T22:00:00+01:00;;;100.01;100,01;;;
;;2025122823;;;;;;;0,09774;0,1197416;;;817;Quarter-hourly average price final;;;98.96;2025-12-28T23:00:00+01:00;;;97.74;97,74;;;
;;2025122900;;;;;;;0,10306;0,1379884;;;817;Quarter-hourly average price final;;;114.04;2025-12-29T00:00:00+01:00;;;103.06;103,06;;;
;;2025122901;;;;;;;0,09537;0,1331968;;;817;Quarter-hourly average price final;;;110.08;2025-12-29T01:00:00+01:00;;;95.37;95,37;;;
;;2025122902;;;;;;;0,09123;0,132132;;;817;Quarter-hourly average price final;;;109.2;2025-12-29T02:00:00+01:00;;;91.23;91,23;;;
;;2025122903;;;;;;;0,08961;0,1320957;;;817;Quarter-hourly average price final;;;109.17;2025-12-29T03:00:00+01:00;;;89.61;89,61;;;
;;2025122904;;;;;;;0,0875;0,1328338;;;817;Quarter-hourly average price final;;;109.78;2025-12-29T04:00:00+01:00;;;87.5;87,5;;;
;;2025122905;;;;;;;0,0875;0,1361371;;;817;Quarter-hourly average price final;;;112.51;2025-12-29T05:00:00+01:00;;;87.5;87,5;;;
;;2025122906;;;;;;;0,09754;0,1457324;;;817;Quarter-hourly average price final;;;120.44;2025-12-29T06:00:00+01:00;;;97.54;97,54;;;
;;2025122907;;;;;;;0,11048;0,1575904;;;817;Quarter-hourly average price final;;;130.24;2025-12-29T07:00:00+01:00;;;110.48;110,48;;;
;;2025122908;;;;;;;0,12303;0,1765269;;;817;Quarter-hourly average price final;;;145.89;2025-12-29T08:00:00+01:00;;;123.03;123,03;;;
;;2025122909;;;;;;;0,12659;0,1613656;;;817;Quarter-hourly average price final;;;133.36;2025-12-29T09:00:00+01:00;;;126.59;126,59;;;
;;2025122910;;;;;;;0,10947;0,1377222;;;817;Quarter-hourly average price final;;;113.82;2025-12-29T10:00:00+01:00;;;109.47;109,47;;;
;;2025122911;;;;;;;0,0985;0,1238556;;;817;Quarter-hourly average price final;;;102.36;2025-12-29T11:00:00+01:00;;;98.5;98,5;;;
;;2025122912;;;;;;;0,09192;0,1170191;;;817;Quarter-hourly average price final;;;96.71;2025-12-29T12:00:00+01:00;;;91.92;91,92;;;
;;2025122913;;;;;;;0,09;0,1178056;;;817;Quarter-hourly average price final;;;97.36;2025-12-29T13:00:00+01:00;;;90;90,00;;;
;;2025122914;;;;;;;0,09038;0,1244485;;;817;Quarter-hourly average price final;;;102.85;2025-12-29T14:00:00+01:00;;;90.38;90,38;;;
;;2025122915;;;;;;;0,09129;0,1345762;;;817;Quarter-hourly average price final;;;111.22;2025-12-29T15:00:00+01:00;;;91.29;91,29;;;
;;2025122916;;;;;;;0,09673;0,1407351;;;817;Quarter-hourly average price final;;;116.31;2025-12-29T16:00:00+01:00;;;96.73;96,73;;;
;;2025122917;;;;;;;0,1045;0,1566708;;;817;Quarter-hourly average price final;;;129.48;2025-12-29T17:00:00+01:00;;;104.5;104,5;;;
;;2025122918;;;;;;;0,11608;0,1748934;;;817;Quarter-hourly average price final;;;144.54;2025-12-29T18:00:00+01:00;;;116.08;116,08;;;
;;2025122919;;;;;;;0,12;0,1760066;;;817;Quarter-hourly average price final;;;145.46;2025-12-29T19:00:00+01:00;;;120;120,00;;;
;;2025122920;;;;;;;0,155;0,2052644;;;817;Quarter-hourly average price final;;;169.64;2025-12-29T20:00:00+01:00;;;155;155,00;;;
;;2025122921;;;;;;;0,1655;0,1911195;;;817;Quarter-hourly average price final;;;157.95;2025-12-29T21:00:00+01:00;;;165.5;165,5;;;
;;2025122922;;;;;;;0,13351;0,1615834;;;817;Quarter-hourly average price final;;;133.54;2025-12-29T22:00:00+01:00;;;133.51;133,51;;;
;;2025122923;;;;;;;0,1057;0,1393073;;;817;Quarter-hourly average price final;;;115.13;2025-12-29T23:00:00+01:00;;;105.7;105,7;;;
;;2025123000;;;;;;;0,10774;0,1376496;;;817;Quarter-hourly average price final;;;113.76;2025-12-30T00:00:00+01:00;;;107.74;107,74;;;
;;2025123001;;;;;;;0,10355;0,131769;;;817;Quarter-hourly average price final;;;108.9;2025-12-30T01:00:00+01:00;;;103.55;103,55;;;
;;2025123002;;;;;;;0,09237;0,1236015;;;817;Quarter-hourly average price final;;;102.15;2025-12-30T02:00:00+01:00;;;92.37;92,37;;;
;;2025123003;;;;;;;0,08835;0,1233474;;;817;Quarter-hourly average price final;;;101.94;2025-12-30T03:00:00+01:00;;;88.35;88,35;;;
;;2025123004;;;;;;;0,08356;0,1201893;;;817;Quarter-hourly average price final;;;99.33;2025-12-30T04:00:00+01:00;;;83.56;83,56;;;
;;2025123005;;;;;;;0,0814;0,1201288;;;817;Quarter-hourly average price final;;;99.28;2025-12-30T05:00:00+01:00;;;81.4;81,4;;;
;;2025123006;;;;;;;0,08062;0,1184106;;;817;Quarter-hourly average price final;;;97.86;2025-12-30T06:00:00+01:00;;;80.62;80,62;;;
;;2025123007;;;;;;;0,082;0,1222947;;;817;Quarter-hourly average price final;;;101.07;2025-12-30T07:00:00+01:00;;;82;82,00;;;
;;2025123008;;;;;;;0,0975;0,1349997;;;817;Quarter-hourly average price final;;;111.57;2025-12-30T08:00:00+01:00;;;97.5;97,5;;;
;;2025123009;;;;;;;0,1046;0,1286956;;;817;Quarter-hourly average price final;;;106.36;2025-12-30T09:00:00+01:00;;;104.6;104,6;;;
;;2025123010;;;;;;;0,09673;0,1129656;;;817;Quarter-hourly average price final;;;93.36;2025-12-30T10:00:00+01:00;;;96.73;96,73;;;
;;2025123011;;;;;;;0,0814;0,105391;;;817;Quarter-hourly average price final;;;87.1;2025-12-30T11:00:00+01:00;;;81.4;81,4;;;
;;2025123012;;;;;;;0,07897;0,1029347;;;817;Quarter-hourly average price final;;;85.07;2025-12-30T12:00:00+01:00;;;78.97;78,97;;;s
;;2025123013;;;;;;;0,07283;0,1024507;;;817;Quarter-hourly average price final;;;84.67;2025-12-30T13:00:00+01:00;;;72.83;72,83;;;
;;2025123014;;;;;;;0,07008;0,0986271;;;817;Quarter-hourly average price final;;;81.51;2025-12-30T14:00:00+01:00;;;70.08;70,08;;;
;;2025123015;;;;;;;0,06673;0,1020877;;;817;Quarter-hourly average price final;;;84.37;2025-12-30T15:00:00+01:00;;;66.73;66,73;;;
;;2025123016;;;;;;;0,0804;0,1170191;;;817;Quarter-hourly average price final;;;96.71;2025-12-30T16:00:00+01:00;;;80.4;80,4;;;
;;2025123017;;;;;;;0,08983;0,1335235;;;817;Quarter-hourly average price final;;;110.35;2025-12-30T17:00:00+01:00;;;89.83;89,83;;;
;;2025123018;;;;;;;0,1022;0,1452847;;;817;Quarter-hourly average price final;;;120.07;2025-12-30T18:00:00+01:00;;;102.2;102,2;;;
;;2025123019;;;;;;;0,10683;0,146894;;;817;Quarter-hourly average price final;;;121.4;2025-12-30T19:00:00+01:00;;;106.83;106,83;;;
;;2025123020;;;;;;;0,10501;0,144837;;;817;Quarter-hourly average price final;;;119.7;2025-12-30T20:00:00+01:00;;;105.01;105,01;;;
;;2025123021;;;;;;;0,10798;0,1444498;;;817;Quarter-hourly average price final;;;119.38;2025-12-30T21:00:00+01:00;;;107.98;107,98;;;
;;2025123022;;;;;;;0,1075;0,1400212;;;817;Quarter-hourly average price final;;;115.72;2025-12-30T22:00:00+01:00;;;107.5;107,5;;;
;;2025123023;;;;;;;0,10694;0,1401664;;;817;Quarter-hourly average price final;;;115.84;2025-12-30T23:00:00+01:00;;;106.94;106,94;;;
;;2025123100;;;;;;;0,10501;0,134552;;;817;Quarter-hourly average price final;;;111.2;2025-12-31T00:00:00+01:00;;;105.01;105,01;;;
;;2025123101;;;;;;;0,0905;0,121121;;;817;Quarter-hourly average price final;;;100.1;2025-12-31T01:00:00+01:00;;;90.5;90,5;;;
;;2025123102;;;;;;;0,08354;0,1178419;;;817;Quarter-hourly average price final;;;97.39;2025-12-31T02:00:00+01:00;;;83.54;83,54;;;
;;2025123103;;;;;;;0,08;0,1142482;;;817;Quarter-hourly average price final;;;94.42;2025-12-31T03:00:00+01:00;;;80;80,00;;;
;;2025123104;;;;;;;0,07501;0,113377;;;817;Quarter-hourly average price final;;;93.7;2025-12-31T04:00:00+01:00;;;75.01;75,01;;;
;;2025123105;;;;;;;0,07505;0,1156034;;;817;Quarter-hourly average price final;;;95.54;2025-12-31T05:00:00+01:00;;;75.05;75,05;;;
;;2025123106;;;;;;;0,07782;0,1202377;;;817;Quarter-hourly average price final;;;99.37;2025-12-31T06:00:00+01:00;;;77.82;77,82;;;
;;2025123107;;;;;;;0,08621;0,1296757;;;817;Quarter-hourly average price final;;;107.17;2025-12-31T07:00:00+01:00;;;86.21;86,21;;;
;;2025123108;;;;;;;0,10471;0,1437722;;;817;Quarter-hourly average price final;;;118.82;2025-12-31T08:00:00+01:00;;;104.71;104,71;;;
;;2025123109;;;;;;;0,10758;0,144232;;;817;Quarter-hourly average price final;;;119.2;2025-12-31T09:00:00+01:00;;;107.58;107,58;;;
;;2025123110;;;;;;;0,10478;0,1301718;;;817;Quarter-hourly average price final;;;107.58;2025-12-31T10:00:00+01:00;;;104.78;104,78;;;
;;2025123111;;;;;;;0,08932;0,1152162;;;817;Quarter-hourly average price final;;;95.22;2025-12-31T11:00:00+01:00;;;89.32;89,32;;;
;;2025123112;;;;;;;0,0833;0,1109086;;;817;Quarter-hourly average price final;;;91.66;2025-12-31T12:00:00+01:00;;;83.3;83,3;;;
;;2025123113;;;;;;;0,0831;0,1139941;;;817;Quarter-hourly average price final;;;94.21;2025-12-31T13:00:00+01:00;;;83.1;83,1;;;
;;2025123114;;;;;;;0,08304;0,1163415;;;817;Quarter-hourly average price final;;;96.15;2025-12-31T14:00:00+01:00;;;83.04;83,04;;;
;;2025123115;;;;;;;0,08658;0,1262756;;;817;Quarter-hourly average price final;;;104.36;2025-12-31T15:00:00+01:00;;;86.58;86,58;;;
;;2025123116;;;;;;;0,09402;0,1397429;;;817;Quarter-hourly average price final;;;115.49;2025-12-31T16:00:00+01:00;;;94.02;94,02;;;
;;2025123117;;;;;;;0,10873;0,1525205;;;817;Quarter-hourly average price final;;;126.05;2025-12-31T17:00:00+01:00;;;108.73;108,73;;;
;;2025123118;;;;;;;0,11582;0,1744215;;;817;Quarter-hourly average price final;;;144.15;2025-12-31T18:00:00+01:00;;;115.82;115,82;;;
;;2025123119;;;;;;;0,13;0,1818267;;;817;Quarter-hourly average price final;;;150.27;2025-12-31T19:00:00+01:00;;;130;130,00;;;
;;2025123120;;;;;;;0,13724;0,1771319;;;817;Quarter-hourly average price final;;;146.39;2025-12-31T20:00:00+01:00;;;137.24;137,24;;;
;;2025123121;;;;;;;0,12308;0,1570217;;;817;Quarter-hourly average price final;;;129.77;2025-12-31T21:00:00+01:00;;;123.08;123,08;;;
;;2025123122;;;;;;;0,10874;0,1401422;;;817;Quarter-hourly average price final;;;115.82;2025-12-31T22:00:00+01:00;;;108.74;108,74;;;
;;2025123123;;;;;;;0,10501;0,1314907;;;817;Quarter-hourly average price final;;;108.67;2025-12-31T23:00:00+01:00;;;105.01;105,01;;;
